{
  "config": "order2_fourier",
  "val_rel_rmse": 0.6710624694824219,
  "sobol": {
    "(0,)": 0.054937101159597476,
    "(1,)": 0.06523877652592698,
    "(2,)": 0.10646029595649557,
    "(0, 1)": 0.4657095904602126,
    "(0, 2)": 0.15142779035758056,
    "(1, 2)": 0.15622644554018683
  }
}