{
  "checkpoint": "/Users/anna/Desktop/research/thesis/code/checkpoints/lc_pinn_helmholtz_2d_seed0_film_lbfgs_w64.pt",
  "N": 200000,
  "n_boot": 500,
  "point_estimate": {
    "S_x": 0.036728238730559686,
    "S_y": 0.04316098785220769,
    "S_k": 0.07632146486898032,
    "ST_x": 0.8182564437547074,
    "ST_y": 0.8202593047494391,
    "ST_k": 0.6417290842205696,
    "S_xy": 0.277718794774416,
    "S_xk": 0.07466347924358753,
    "S_yk": 0.06631592181735255,
    "S_xyk": 0.4250911127128963
  },
  "var_Y": 0.05204635321729691,
  "bootstrap_ci": {
    "S_x": {
      "mean": 0.03661579574202665,
      "std": 0.002808333793133581,
      "ci_lo": 0.03123354237331958,
      "ci_hi": 0.042360860125040145,
      "point_est": 0.036728238730559686
    },
    "S_y": {
      "mean": 0.04322464761472696,
      "std": 0.0028999610489227608,
      "ci_lo": 0.03733210938180986,
      "ci_hi": 0.04873877581448432,
      "point_est": 0.04316098785220769
    },
    "S_k": {
      "mean": 0.07620394621632952,
      "std": 0.0025197738291642784,
      "ci_lo": 0.07113675668677763,
      "ci_hi": 0.08092502956093382,
      "point_est": 0.07632146486898032
    },
    "ST_x": {
      "mean": 0.8182339102677223,
      "std": 0.004056116586801213,
      "ci_lo": 0.8106235650291349,
      "ci_hi": 0.8262592731039115,
      "point_est": 0.8182564437547074
    },
    "ST_y": {
      "mean": 0.8204763197605665,
      "std": 0.003999743365860779,
      "ci_lo": 0.812642371099219,
      "ci_hi": 0.8283064170885733,
      "point_est": 0.8202593047494391
    },
    "ST_k": {
      "mean": 0.6416689323429132,
      "std": 0.003180997257913511,
      "ci_lo": 0.6351535960002197,
      "ci_hi": 0.6475282723345536,
      "point_est": 0.6417290842205696
    },
    "S_xy": {
      "mean": 0.2778086419140951,
      "std": 0.004371061748304432,
      "ci_lo": 0.2699074303882418,
      "ci_hi": 0.28618562612522586,
      "point_est": 0.277718794774416
    },
    "S_xk": {
      "mean": 0.07461341734670805,
      "std": 0.0036944464881462067,
      "ci_lo": 0.06697869954904438,
      "ci_hi": 0.08109443859372363,
      "point_est": 0.07466347924358753
    },
    "S_yk": {
      "mean": 0.06649305484672757,
      "std": 0.003721753965521086,
      "ci_lo": 0.06023152839615892,
      "ci_hi": 0.07392679378648276,
      "point_est": 0.06631592181735255
    },
    "S_xyk": {
      "mean": 0.4250404963193861,
      "std": 0.005644494164615594,
      "ci_lo": 0.4139933063241173,
      "ci_hi": 0.43639506199877565,
      "point_est": 0.4250911127128963
    }
  }
}