{
  "dataset": "california_housing",
  "lambda_feature": "MedInc",
  "x_features": [
    "HouseAge",
    "AveRooms",
    "AveBedrms",
    "Population",
    "AveOccup",
    "Latitude",
    "Longitude"
  ],
  "n_train": 14447,
  "n_val": 6193,
  "mlp_val_rel_rmse_predicting_y": null,
  "jointhdmr_val_rel_rmse_on_mlp": 0.10020610690116882,
  "sobol_indices": {
    "HouseAge \u00d7 AveRooms": 0.0003026749515957841,
    "HouseAge \u00d7 AveBedrms": 0.0001649391365117575,
    "HouseAge \u00d7 Population": 0.0007302470449212564,
    "HouseAge \u00d7 AveOccup": 0.004548493935011944,
    "HouseAge \u00d7 Latitude": 0.0025727888878819805,
    "HouseAge \u00d7 Longitude": 0.0013027091286916899,
    "HouseAge \u00d7 MedInc": 0.004536804955237025,
    "AveRooms \u00d7 AveBedrms": 0.000360421820855637,
    "AveRooms \u00d7 Population": 0.0002461680626729715,
    "AveRooms \u00d7 AveOccup": 0.0004960865072077854,
    "AveRooms \u00d7 Latitude": 0.00023295667591575534,
    "AveRooms \u00d7 Longitude": 0.000356589803038741,
    "AveRooms \u00d7 MedInc": 0.0007545130256588694,
    "AveBedrms \u00d7 Population": 0.0001491547210226786,
    "AveBedrms \u00d7 AveOccup": 0.000344154897742175,
    "AveBedrms \u00d7 Latitude": 0.00037566265520508585,
    "AveBedrms \u00d7 Longitude": 0.0006224437739775569,
    "AveBedrms \u00d7 MedInc": 0.0007939957489321277,
    "Population \u00d7 AveOccup": 0.0006708915675555142,
    "Population \u00d7 Latitude": 0.0003785861661199233,
    "Population \u00d7 Longitude": 0.0006698632153886118,
    "Population \u00d7 MedInc": 0.00046111758473695583,
    "AveOccup \u00d7 Latitude": 0.001710743432370896,
    "AveOccup \u00d7 Longitude": 0.0009698952988464358,
    "AveOccup \u00d7 MedInc": 0.0055223979889144365,
    "Latitude \u00d7 Longitude": 0.0016514034535605306,
    "Latitude \u00d7 MedInc": 0.0017811142394313219,
    "Longitude \u00d7 MedInc": 0.0007453543768630047,
    "HouseAge": 0.007441192801054185,
    "AveRooms": 0.007511254864615423,
    "AveBedrms": 0.0017416113373458651,
    "Population": 0.0024672819350762517,
    "AveOccup": 0.03117264401573022,
    "Latitude": 0.3316935291993819,
    "Longitude": 0.2977285132235453,
    "MedInc": 0.28679179956738243
  }
}