{
  "schrodinger": {
    "pde": "schrodinger",
    "approximation": "drop alpha via MC average",
    "rel_l2": 0.05722586578555023,
    "var_ratio": 0.013097268537953012,
    "n_alpha_mc": 200,
    "n_test": 30000,
    "predicted_rel_l2": 0.11514609277932386
  },
  "helmholtz_2d": {
    "pde": "helmholtz_2d",
    "approximation": "drop k via MC average",
    "rel_l2": 0.7900300787103974,
    "var_ratio": 0.6482532135104824,
    "n_k_mc": 200,
    "n_test": 30000,
    "predicted_rel_l2": 0.8027549212924227
  }
}