{
  "training": {
    "k_range": [
      -1.0,
      1.0
    ],
    "sobol": {
      "var_Y": 0.05228321441798904,
      "S_x": 0.046070195826612634,
      "S_y": 0.03543890295351472,
      "S_k": 0.07470275074860451,
      "S_xy": 0.2804643396525929,
      "S_xk": 0.07078205023329553,
      "S_yk": 0.0739337959566658,
      "S_xyk": 0.4186079646287139
    },
    "total_k_contribution": 0.6380265615672798,
    "predicted_rel_l2": 0.7987656487151158,
    "measured_rel_l2": 0.7860455433516534,
    "var_full": 0.052650678902864456,
    "var_err": 0.03382824359757981,
    "bound_holds": true
  },
  "near_zero": {
    "k_range": [
      -0.3,
      0.3
    ],
    "sobol": {
      "var_Y": 0.059874546110630415,
      "S_x": 0.15026863429350773,
      "S_y": 0.15146542718139783,
      "S_k": 0.0035900751537087873,
      "S_xy": 0.4642388567459661,
      "S_xk": 0.03231866490532524,
      "S_yk": 0.027878965160067385,
      "S_xyk": 0.17023937656002702
    },
    "total_k_contribution": 0.23402708177912845,
    "predicted_rel_l2": 0.483763456432096,
    "measured_rel_l2": 0.47980883682943354,
    "var_full": 0.05907260626554489,
    "var_err": 0.014366795550880548,
    "bound_holds": true
  },
  "near_boundary": {
    "k_range": [
      0.7,
      1.0
    ],
    "sobol": {
      "var_Y": 0.06238490038508018,
      "S_x": 0.008421251848245149,
      "S_y": -0.0013922781154798787,
      "S_k": -0.00034487858680578383,
      "S_xy": 0.9185035708939618,
      "S_xk": 0.001421195686726875,
      "S_yk": -0.000705245734266822,
      "S_xyk": 0.07409638400761863
    },
    "total_k_contribution": 0.0744674553732729,
    "predicted_rel_l2": 0.27288725762349714,
    "measured_rel_l2": 0.2772012571951753,
    "var_full": 0.06418174505233765,
    "var_err": 0.0049317825157959485,
    "bound_holds": true
  },
  "ood_extrapolation": {
    "k_range": [
      1.0,
      1.5
    ],
    "sobol": {
      "var_Y": 0.0681349519171644,
      "S_x": 0.0037296331646500176,
      "S_y": 0.004919711610703854,
      "S_k": 0.001092777549631234,
      "S_xy": 0.8064536403164563,
      "S_xk": 0.002160194510232768,
      "S_yk": 0.0025157836552351185,
      "S_xyk": 0.1791282591930908
    },
    "total_k_contribution": 0.18489701490818994,
    "predicted_rel_l2": 0.42999652894900203,
    "measured_rel_l2": 0.4422073009621657,
    "var_full": 0.06740470975637436,
    "var_err": 0.013199995403333957,
    "bound_holds": true
  }
}