{
  "rng_seed": 35,
  "val_rel_rmse": 0.3290295898914337,
  "sobol": {
    "(0,)": 0.017356140650122028,
    "(1,)": 0.058163822678083,
    "(2,)": 0.036218898069951495,
    "(0, 1)": 0.20215668282160587,
    "(0, 2)": 0.09052060590451233,
    "(1, 2)": 0.07946574829437124,
    "(0, 1, 2)": 0.5161181015813541
  }
}