{
  "rng_seed": 20,
  "val_rel_rmse": 0.5273299813270569,
  "sobol": {
    "(0,)": 0.032452903009704874,
    "(1,)": 0.08281935847647871,
    "(2,)": 0.017746369693414935,
    "(0, 1)": 0.18240538391776562,
    "(0, 2)": 0.06869533263161377,
    "(1, 2)": 0.06088910864350891,
    "(0, 1, 2)": 0.5549915436275131
  }
}