{
  "rng_seed": 30,
  "val_rel_rmse": 0.34183719754219055,
  "sobol": {
    "(0,)": 0.02494233806791237,
    "(1,)": 0.0824979313117233,
    "(2,)": 0.035811392207409275,
    "(0, 1)": 0.19551739429978168,
    "(0, 2)": 0.06056577066012197,
    "(1, 2)": 0.06748842035723605,
    "(0, 1, 2)": 0.5331767530958154
  }
}