{
  "rng_seed": 2,
  "val_rel_rmse": 0.5022873282432556,
  "sobol": {
    "(0,)": 0.03929108860802746,
    "(1,)": 0.03980226472415607,
    "(2,)": 0.023491915260948595,
    "(0, 1)": 0.15673246133840568,
    "(0, 2)": 0.07080205054986263,
    "(1, 2)": 0.08237420202201254,
    "(0, 1, 2)": 0.587506017496587
  }
}