{
  "rng_seed": 7,
  "val_rel_rmse": 0.42997080087661743,
  "sobol": {
    "(0,)": 0.03123308970558124,
    "(1,)": 0.060398984494299764,
    "(2,)": 0.03557180750353946,
    "(0, 1)": 0.17432060903959798,
    "(0, 2)": 0.0706356550872384,
    "(1, 2)": 0.07479773730058978,
    "(0, 1, 2)": 0.5530421168691534
  }
}