{
  "rng_seed": 16,
  "val_rel_rmse": 0.41051679849624634,
  "sobol": {
    "(0,)": 0.038366214115659755,
    "(1,)": 0.05568972240019999,
    "(2,)": 0.03721335420484138,
    "(0, 1)": 0.17779284072842788,
    "(0, 2)": 0.08263848319046364,
    "(1, 2)": 0.07798941020638916,
    "(0, 1, 2)": 0.5303099751540182
  }
}