{
  "rng_seed": 31,
  "val_rel_rmse": 0.446534663438797,
  "sobol": {
    "(0,)": 0.03677517946378648,
    "(1,)": 0.04172945717271534,
    "(2,)": 0.03264337933290565,
    "(0, 1)": 0.15451217789455216,
    "(0, 2)": 0.07912919618996805,
    "(1, 2)": 0.09415294245833908,
    "(0, 1, 2)": 0.5610576674877332
  }
}