{
  "rng_seed": 27,
  "val_rel_rmse": 0.45624077320098877,
  "sobol": {
    "(0,)": 0.039853340102345695,
    "(1,)": 0.041610941383096324,
    "(2,)": 0.04074893075827075,
    "(0, 1)": 0.1831987799748007,
    "(0, 2)": 0.0752661509673431,
    "(1, 2)": 0.06977684616283965,
    "(0, 1, 2)": 0.5495450106513038
  }
}