{
  "rng_seed": 11,
  "val_rel_rmse": 0.45655107498168945,
  "sobol": {
    "(0,)": 0.017557967114743243,
    "(1,)": 0.048309430132511266,
    "(2,)": 0.022282204838523365,
    "(0, 1)": 0.16157446712304535,
    "(0, 2)": 0.10850222882396982,
    "(1, 2)": 0.09159212311344309,
    "(0, 1, 2)": 0.5501815788537638
  }
}