{
  "rng_seed": 32,
  "val_rel_rmse": 0.4214276969432831,
  "sobol": {
    "(0,)": 0.017468243155539902,
    "(1,)": 0.048866945897759015,
    "(2,)": 0.027000408696849696,
    "(0, 1)": 0.1769997063695149,
    "(0, 2)": 0.0765862044282852,
    "(1, 2)": 0.09162652371053932,
    "(0, 1, 2)": 0.561451967741512
  }
}