{
  "rng_seed": 10,
  "val_rel_rmse": 0.5271812081336975,
  "sobol": {
    "(0,)": 0.0428242049685638,
    "(1,)": 0.04154625837119404,
    "(2,)": 0.02809916558146951,
    "(0, 1)": 0.15193569466568965,
    "(0, 2)": 0.07561439183309075,
    "(1, 2)": 0.07906253211821584,
    "(0, 1, 2)": 0.5809177524617763
  }
}