{
  "rng_seed": 45,
  "val_rel_rmse": 0.420516699552536,
  "sobol": {
    "(0,)": 0.04251807436499216,
    "(1,)": 0.04992371324532324,
    "(2,)": 0.03460313765508813,
    "(0, 1)": 0.1925900835068949,
    "(0, 2)": 0.07215673260265285,
    "(1, 2)": 0.06839355064844431,
    "(0, 1, 2)": 0.5398147079766045
  }
}