{
  "rng_seed": 44,
  "val_rel_rmse": 0.491999089717865,
  "sobol": {
    "(0,)": 0.03229224903114844,
    "(1,)": 0.04763610479384223,
    "(2,)": 0.024591424792307335,
    "(0, 1)": 0.169858261971459,
    "(0, 2)": 0.07221810736168892,
    "(1, 2)": 0.08415602223856915,
    "(0, 1, 2)": 0.569247829810985
  }
}