{
  "rng_seed": 39,
  "val_rel_rmse": 0.40476685762405396,
  "sobol": {
    "(0,)": 0.0322137021705045,
    "(1,)": 0.055580846099258584,
    "(2,)": 0.029166355946605004,
    "(0, 1)": 0.17339955144349228,
    "(0, 2)": 0.07843729096666568,
    "(1, 2)": 0.07737331635493723,
    "(0, 1, 2)": 0.5538289370185367
  }
}