{
  "rng_seed": 37,
  "val_rel_rmse": 0.48700034618377686,
  "sobol": {
    "(0,)": 0.047809172319574975,
    "(1,)": 0.041637129132133285,
    "(2,)": 0.02610393420070599,
    "(0, 1)": 0.1414571926322511,
    "(0, 2)": 0.09345688239463999,
    "(1, 2)": 0.06640609248827326,
    "(0, 1, 2)": 0.5831295968324214
  }
}