{
  "rng_seed": 22,
  "val_rel_rmse": 0.453059583902359,
  "sobol": {
    "(0,)": 0.056525377136436676,
    "(1,)": 0.049177949456154384,
    "(2,)": 0.024524202762569402,
    "(0, 1)": 0.17728721869308486,
    "(0, 2)": 0.06850210399348512,
    "(1, 2)": 0.07461922434392186,
    "(0, 1, 2)": 0.5493639236143477
  }
}