{
  "rng_seed": 34,
  "val_rel_rmse": 0.38704055547714233,
  "sobol": {
    "(0,)": 0.02747600508754443,
    "(1,)": 0.07620873439995526,
    "(2,)": 0.036475987187799576,
    "(0, 1)": 0.16832178649631246,
    "(0, 2)": 0.07720459622216529,
    "(1, 2)": 0.0670174424333531,
    "(0, 1, 2)": 0.5472954481728699
  }
}