{
  "rng_seed": 38,
  "val_rel_rmse": 0.4716525673866272,
  "sobol": {
    "(0,)": 0.052836447157807484,
    "(1,)": 0.038914357137938754,
    "(2,)": 0.02493361614104429,
    "(0, 1)": 0.15613428236357707,
    "(0, 2)": 0.07515288732995534,
    "(1, 2)": 0.05983219103172502,
    "(0, 1, 2)": 0.592196218837952
  }
}