{
  "rng_seed": 33,
  "val_rel_rmse": 0.38497254252433777,
  "sobol": {
    "(0,)": 0.03282095532126501,
    "(1,)": 0.02659078028159217,
    "(2,)": 0.037690140136243014,
    "(0, 1)": 0.17391905514375663,
    "(0, 2)": 0.09778188593854184,
    "(1, 2)": 0.0900724680496547,
    "(0, 1, 2)": 0.5411247151289467
  }
}