{
  "rng_seed": 4,
  "val_rel_rmse": 0.5689975619316101,
  "sobol": {
    "(0,)": 0.029946999035064623,
    "(1,)": 0.05671484613313329,
    "(2,)": 0.02176328976358961,
    "(0, 1)": 0.14979650971111502,
    "(0, 2)": 0.0701287845792385,
    "(1, 2)": 0.07218308468422709,
    "(0, 1, 2)": 0.5994664860936318
  }
}