{
  "rng_seed": 26,
  "val_rel_rmse": 0.46971777081489563,
  "sobol": {
    "(0,)": 0.04858934038653692,
    "(1,)": 0.01729394661151969,
    "(2,)": 0.027085658399154593,
    "(0, 1)": 0.17144684610380248,
    "(0, 2)": 0.08282966065939085,
    "(1, 2)": 0.07343179670920817,
    "(0, 1, 2)": 0.5793227511303873
  }
}