{
  "rng_seed": 36,
  "val_rel_rmse": 0.46633028984069824,
  "sobol": {
    "(0,)": 0.06984411971013268,
    "(1,)": 0.026492667213669285,
    "(2,)": 0.023169521580066483,
    "(0, 1)": 0.1768362202116658,
    "(0, 2)": 0.08008129746688485,
    "(1, 2)": 0.05550754240493234,
    "(0, 1, 2)": 0.5680686314126486
  }
}