{
  "rng_seed": 0,
  "val_rel_rmse": 0.46502792835235596,
  "sobol": {
    "(0,)": 0.04737913119334768,
    "(1,)": 0.06497203831119541,
    "(2,)": 0.029912294898146386,
    "(0, 1)": 0.17121653440874346,
    "(0, 2)": 0.06397732607786771,
    "(1, 2)": 0.07935028760138388,
    "(0, 1, 2)": 0.5431923875093154
  }
}