{
  "rng_seed": 49,
  "val_rel_rmse": 0.3735792934894562,
  "sobol": {
    "(0,)": 0.027709680856865603,
    "(1,)": 0.03956769454838267,
    "(2,)": 0.035157458058277316,
    "(0, 1)": 0.1981338211874398,
    "(0, 2)": 0.0870455882197293,
    "(1, 2)": 0.08152669829861603,
    "(0, 1, 2)": 0.5308590588306893
  }
}