{
  "rng_seed": 3,
  "val_rel_rmse": 0.5976408123970032,
  "sobol": {
    "(0,)": 0.03716223562010621,
    "(1,)": 0.046725247570432206,
    "(2,)": 0.025337639995223826,
    "(0, 1)": 0.16998491220743572,
    "(0, 2)": 0.06775905452618493,
    "(1, 2)": 0.06308137610793778,
    "(0, 1, 2)": 0.5899495339726794
  }
}