{
  "rng_seed": 8,
  "val_rel_rmse": 0.4133671522140503,
  "sobol": {
    "(0,)": 0.05069046723709292,
    "(1,)": 0.034972648866658115,
    "(2,)": 0.03024720596359715,
    "(0, 1)": 0.20340968566885473,
    "(0, 2)": 0.07935634687943711,
    "(1, 2)": 0.0569926288970647,
    "(0, 1, 2)": 0.5443310164872953
  }
}