{
  "rng_seed": 25,
  "val_rel_rmse": 0.4297240376472473,
  "sobol": {
    "(0,)": 0.028369109387854384,
    "(1,)": 0.06003846132223784,
    "(2,)": 0.03432983829729158,
    "(0, 1)": 0.16708475318615612,
    "(0, 2)": 0.06616469195923318,
    "(1, 2)": 0.08297449216815413,
    "(0, 1, 2)": 0.5610386536790728
  }
}