{
  "rng_seed": 19,
  "val_rel_rmse": 0.41200217604637146,
  "sobol": {
    "(0,)": 0.03421649705835257,
    "(1,)": 0.05082108288820939,
    "(2,)": 0.025622337440632373,
    "(0, 1)": 0.1866981940242572,
    "(0, 2)": 0.06346987341366973,
    "(1, 2)": 0.08215267324402252,
    "(0, 1, 2)": 0.5570193419308562
  }
}