{
  "rng_seed": 42,
  "val_rel_rmse": 0.49752193689346313,
  "sobol": {
    "(0,)": 0.043492559917041894,
    "(1,)": 0.0392364197609359,
    "(2,)": 0.027776256000471948,
    "(0, 1)": 0.13722425806509553,
    "(0, 2)": 0.0831658120229833,
    "(1, 2)": 0.09100173127450847,
    "(0, 1, 2)": 0.5781029629589629
  }
}