{
  "rng_seed": 17,
  "val_rel_rmse": 0.39945611357688904,
  "sobol": {
    "(0,)": 0.046962215793707976,
    "(1,)": 0.028174439949306396,
    "(2,)": 0.029018540189164336,
    "(0, 1)": 0.18176961193940044,
    "(0, 2)": 0.07558915362713235,
    "(1, 2)": 0.07338064242656826,
    "(0, 1, 2)": 0.5651053960747202
  }
}