{
  "rng_seed": 41,
  "val_rel_rmse": 0.6069678068161011,
  "sobol": {
    "(0,)": 0.048608321100043074,
    "(1,)": 0.07043201087509257,
    "(2,)": 0.020272212598670628,
    "(0, 1)": 0.1663543890170876,
    "(0, 2)": 0.05651705010502077,
    "(1, 2)": 0.07023557414498582,
    "(0, 1, 2)": 0.5675804421590995
  }
}