{
  "rng_seed": 46,
  "val_rel_rmse": 0.3630238473415375,
  "sobol": {
    "(0,)": 0.056319262395754834,
    "(1,)": 0.03258900130067038,
    "(2,)": 0.03599798926401511,
    "(0, 1)": 0.19368658846201323,
    "(0, 2)": 0.08858145438272944,
    "(1, 2)": 0.05989865160845055,
    "(0, 1, 2)": 0.5329270525863665
  }
}