{
  "rng_seed": 43,
  "val_rel_rmse": 0.4622562825679779,
  "sobol": {
    "(0,)": 0.06707591629159272,
    "(1,)": 0.026438072234205443,
    "(2,)": 0.03769968586144692,
    "(0, 1)": 0.1628140451164133,
    "(0, 2)": 0.08203865443653752,
    "(1, 2)": 0.07428632246722583,
    "(0, 1, 2)": 0.5496473035925783
  }
}