{
  "rng_seed": 13,
  "val_rel_rmse": 0.4542163610458374,
  "sobol": {
    "(0,)": 0.03521294301540006,
    "(1,)": 0.06723507684736955,
    "(2,)": 0.03490280232872287,
    "(0, 1)": 0.14632517917882537,
    "(0, 2)": 0.07712490995435875,
    "(1, 2)": 0.07967218024125748,
    "(0, 1, 2)": 0.5595269084340659
  }
}