{
  "rng_seed": 9,
  "val_rel_rmse": 0.5301387906074524,
  "sobol": {
    "(0,)": 0.04669201803665405,
    "(1,)": 0.04462414159538277,
    "(2,)": 0.021121135748264918,
    "(0, 1)": 0.15098136526233455,
    "(0, 2)": 0.08103236244416638,
    "(1, 2)": 0.07774091668641529,
    "(0, 1, 2)": 0.5778080602267821
  }
}