{
  "rng_seed": 24,
  "val_rel_rmse": 0.5059874653816223,
  "sobol": {
    "(0,)": 0.03916030738304814,
    "(1,)": 0.038276150243765704,
    "(2,)": 0.029182400823679285,
    "(0, 1)": 0.15939246937292512,
    "(0, 2)": 0.06326749104879534,
    "(1, 2)": 0.0879498133270807,
    "(0, 1, 2)": 0.5827713678007057
  }
}