{
  "rng_seed": 28,
  "val_rel_rmse": 0.48880666494369507,
  "sobol": {
    "(0,)": 0.03243739621388804,
    "(1,)": 0.033326377464972134,
    "(2,)": 0.03647630353347363,
    "(0, 1)": 0.1701668957589425,
    "(0, 2)": 0.09268891408775413,
    "(1, 2)": 0.07172970698853376,
    "(0, 1, 2)": 0.5631744059524358
  }
}