{
  "rng_seed": 12,
  "val_rel_rmse": 0.37598052620887756,
  "sobol": {
    "(0,)": 0.043860234747143456,
    "(1,)": 0.030904124075896853,
    "(2,)": 0.039853485746597535,
    "(0, 1)": 0.1941194911856018,
    "(0, 2)": 0.07435226897348521,
    "(1, 2)": 0.07910984474436938,
    "(0, 1, 2)": 0.5378005505269058
  }
}