{
  "rng_seed": 23,
  "val_rel_rmse": 0.4870525598526001,
  "sobol": {
    "(0,)": 0.061613888826733146,
    "(1,)": 0.02714260118459878,
    "(2,)": 0.03547487863291783,
    "(0, 1)": 0.18541736040693643,
    "(0, 2)": 0.08115331920891351,
    "(1, 2)": 0.06783952123550639,
    "(0, 1, 2)": 0.5413584305043939
  }
}