{
  "rng_seed": 14,
  "val_rel_rmse": 0.5079461932182312,
  "sobol": {
    "(0,)": 0.0524799425546458,
    "(1,)": 0.03124753715236757,
    "(2,)": 0.026687133121042733,
    "(0, 1)": 0.12903150770615704,
    "(0, 2)": 0.08133256772870878,
    "(1, 2)": 0.10056512988011349,
    "(0, 1, 2)": 0.5786561818569645
  }
}