{
  "rng_seed": 48,
  "val_rel_rmse": 0.41038811206817627,
  "sobol": {
    "(0,)": 0.043488602001012046,
    "(1,)": 0.0578548342112282,
    "(2,)": 0.031616741271940425,
    "(0, 1)": 0.1743221068250015,
    "(0, 2)": 0.05749020266991217,
    "(1, 2)": 0.08185429184401705,
    "(0, 1, 2)": 0.5533732211768886
  }
}