{
  "rng_seed": 15,
  "val_rel_rmse": 0.47764211893081665,
  "sobol": {
    "(0,)": 0.034380633343777896,
    "(1,)": 0.052937357074320866,
    "(2,)": 0.03613655663168932,
    "(0, 1)": 0.17226453776465087,
    "(0, 2)": 0.07623156482076955,
    "(1, 2)": 0.07694110245952766,
    "(0, 1, 2)": 0.5511082479052638
  }
}