{
  "rng_seed": 1,
  "val_rel_rmse": 0.42795443534851074,
  "sobol": {
    "(0,)": 0.05345976459492552,
    "(1,)": 0.012926948217433159,
    "(2,)": 0.029030967830213403,
    "(0, 1)": 0.15378718644609632,
    "(0, 2)": 0.10057888160563429,
    "(1, 2)": 0.07433640133648639,
    "(0, 1, 2)": 0.5758798499692109
  }
}