{
  "rng_seed": 29,
  "val_rel_rmse": 0.4278453588485718,
  "sobol": {
    "(0,)": 0.029753954327411535,
    "(1,)": 0.05239818518930307,
    "(2,)": 0.028170540779718457,
    "(0, 1)": 0.1515241973833362,
    "(0, 2)": 0.08581764911880713,
    "(1, 2)": 0.08279909744020703,
    "(0, 1, 2)": 0.5695363757612166
  }
}