{
  "rng_seed": 6,
  "val_rel_rmse": 0.5806979537010193,
  "sobol": {
    "(0,)": 0.07217230112988614,
    "(1,)": 0.029515184066865343,
    "(2,)": 0.02029894293753576,
    "(0, 1)": 0.18126555157688815,
    "(0, 2)": 0.05876069608273664,
    "(1, 2)": 0.07514087008201484,
    "(0, 1, 2)": 0.5628464541240732
  }
}