{
  "rng_seed": 47,
  "val_rel_rmse": 0.466221421957016,
  "sobol": {
    "(0,)": 0.03328712420714963,
    "(1,)": 0.030263697092640818,
    "(2,)": 0.03711314555242033,
    "(0, 1)": 0.17203806016939976,
    "(0, 2)": 0.0822364759888214,
    "(1, 2)": 0.08076244490640323,
    "(0, 1, 2)": 0.5642990520831648
  }
}