{
  "rng_seed": 18,
  "val_rel_rmse": 0.48184654116630554,
  "sobol": {
    "(0,)": 0.02446995217449527,
    "(1,)": 0.0437706154966077,
    "(2,)": 0.037592548362181004,
    "(0, 1)": 0.155130714863103,
    "(0, 2)": 0.08749285731361604,
    "(1, 2)": 0.07817529899163407,
    "(0, 1, 2)": 0.5733680127983629
  }
}