{
  "rng_seed": 21,
  "val_rel_rmse": 0.3826747238636017,
  "sobol": {
    "(0,)": 0.061636666027700716,
    "(1,)": 0.03756727017843231,
    "(2,)": 0.0364438696610695,
    "(0, 1)": 0.2107862306334761,
    "(0, 2)": 0.06445912705214675,
    "(1, 2)": 0.06994635328820839,
    "(0, 1, 2)": 0.5191604831589662
  }
}