{
  "rng_seed": 40,
  "val_rel_rmse": 0.501415491104126,
  "sobol": {
    "(0,)": 0.0466169201306855,
    "(1,)": 0.03244858733166674,
    "(2,)": 0.028937273452381417,
    "(0, 1)": 0.17673325335818715,
    "(0, 2)": 0.07519207436326159,
    "(1, 2)": 0.0733098314248184,
    "(0, 1, 2)": 0.5667620599389992
  }
}