{
  "rng_seed": 5,
  "val_rel_rmse": 0.5096417665481567,
  "sobol": {
    "(0,)": 0.0447575671104788,
    "(1,)": 0.03137379609633131,
    "(2,)": 0.027231003705524615,
    "(0, 1)": 0.1452019351592618,
    "(0, 2)": 0.09394432183747548,
    "(1, 2)": 0.07045013925052024,
    "(0, 1, 2)": 0.5870412368404078
  }
}