{
  "checkpoint": "/Users/anna/Desktop/research/thesis/code/checkpoints/lc_pinn_helmholtz_3d_seed0_film_lbfgs.pt",
  "N_train": 200000,
  "N_val": 50000,
  "N_sobol": 300000,
  "gold_mc_sobol": {
    "var_Y": 0.009903223218973942,
    "S_x": 0.03116492116916865,
    "S_y": 0.029401152466839258,
    "S_z": 0.026624853366128444,
    "S_k": 0.20765527459394034,
    "S_xy": 0.01953858564440709,
    "S_xz": 0.018123877543564555,
    "S_xk": 0.06507903557697378,
    "S_yz": 0.019578232135203166,
    "S_yk": 0.06586801206127546,
    "S_zk": 0.06834504049167238,
    "S_xyz": 0.12456019213532733,
    "S_xyk": 0.060781405998416374,
    "S_xzk": 0.06186596416208132,
    "S_yzk": 0.06438425872917267,
    "S_xyzk": 0.13702919392582916
  },
  "hdmr_sobol_main": {
    "S_x": 0.04339861124753952,
    "S_y": 0.04437289386987686,
    "S_z": 0.052537936717271805,
    "S_k": 0.3511626124382019
  },
  "hdmr_sobol_pair": {
    "S_xy": 0.047195907682180405,
    "S_xz": 0.04699529707431793,
    "S_xk": 0.12144999951124191,
    "S_yz": 0.04524055868387222,
    "S_yk": 0.12469837814569473,
    "S_zk": 0.12294778227806091
  },
  "hdmr_n_params": 52107,
  "diffs_vs_gold": {
    "S_k": 0.14350733784426156,
    "S_x": 0.01223369007837087,
    "S_xk": 0.05637096393426813,
    "S_xy": 0.027657322037773314,
    "S_xz": 0.028871419530753378,
    "S_y": 0.014971741403037604,
    "S_yk": 0.05883036608441927,
    "S_yz": 0.025662326548669057,
    "S_z": 0.02591308335114336,
    "S_zk": 0.054602741786388534
  },
  "wall_sobol_seconds": 0.3805880546569824,
  "wall_hdmr_seconds": 380.76970887184143
}