{
  "d": 4,
  "S_first": {
    "(0,)": 0.03117201141876237,
    "(1,)": 0.027394476797211166,
    "(2,)": 0.026465866141090897,
    "(3,)": 0.2093773703523863
  },
  "S_total": {
    "(0,)": 0.5307853020197257,
    "(1,)": 0.5200801142291696,
    "(2,)": 0.5218064805959943,
    "(3,)": 0.7295884163003523
  },
  "S_pair": {
    "(0, 1)": 0.003956103881904563,
    "(0, 2)": 0.019767512246913754,
    "(0, 3)": 0.07296849529366696,
    "(1, 2)": 0.005021705114685519,
    "(1, 3)": 0.06925248431464921,
    "(2, 3)": 0.06247954464129477
  },
  "var_Y": 0.009842617195980286
}