{
  "S_first": {
    "(0,)": 0.9811711937195904,
    "(1,)": 0.012486527559522908
  },
  "S_total": {
    "(0,)": 0.9883298999026352,
    "(1,)": 0.013188832282613052
  },
  "S_pair": {
    "(0, 1)": 0.0007720951228217511
  },
  "var_Y": 0.10761933462347545
}