{
  "S_first": {
    "(0,)": 0.14953514928169503,
    "(1,)": 0.19949684412530216
  },
  "S_total": {
    "(0,)": 0.8030556634793992,
    "(1,)": 0.8557402053186807
  },
  "S_pair": {
    "(0, 1)": 0.652653123663492
  },
  "var_Y": 0.22601906727045556
}