{
  "pde": "helmholtz",
  "lc_seed": 1,
  "rng_seed": 1,
  "val_rel_rmse": 0.06811297684907913,
  "sobol": {
    "(0,)": 0.1572704109745062,
    "(1,)": 0.20274203086917478,
    "(0, 1)": 0.639987558156319
  }
}