{
  "pde": "helmholtz",
  "lc_seed": 3,
  "rng_seed": 4,
  "val_rel_rmse": 0.06975711137056351,
  "sobol": {
    "(0,)": 0.1736480243904167,
    "(1,)": 0.20797247738595967,
    "(0, 1)": 0.6183794982236236
  }
}