{
  "pde": "helmholtz",
  "lc_seed": 3,
  "rng_seed": 3,
  "val_rel_rmse": 0.06297174841165543,
  "sobol": {
    "(0,)": 0.14296517686263893,
    "(1,)": 0.19959736925795046,
    "(0, 1)": 0.6574374538794105
  }
}