{
  "pde": "schrodinger",
  "lc_seed": 0,
  "rng_seed": 0,
  "val_rel_rmse": 0.018450725823640823,
  "sobol": {
    "(0,)": 0.9813495815251413,
    "(1,)": 0.011241626187143082,
    "(0, 1)": 0.007408792287715666
  }
}