{
  "pde": "schrodinger",
  "lc_seed": 3,
  "rng_seed": 5,
  "val_rel_rmse": 0.014930381439626217,
  "sobol": {
    "(0,)": 0.9859847369397203,
    "(1,)": 0.009474793509687579,
    "(0, 1)": 0.004540469550592146
  }
}