{
  "pde": "schrodinger",
  "lc_seed": 1,
  "rng_seed": 4,
  "val_rel_rmse": 0.017545422539114952,
  "sobol": {
    "(0,)": 0.9857444763745417,
    "(1,)": 0.00959099139557256,
    "(0, 1)": 0.004664532229885742
  }
}