{
  "pde": "helmholtz",
  "lc_seed": 2,
  "rng_seed": 3,
  "val_rel_rmse": 0.06788308173418045,
  "sobol": {
    "(0,)": 0.15771716270767838,
    "(1,)": 0.19339289312973026,
    "(0, 1)": 0.6488899441625914
  }
}