{
  "pde": "helmholtz",
  "lc_seed": 1,
  "rng_seed": 3,
  "val_rel_rmse": 0.062196943908929825,
  "sobol": {
    "(0,)": 0.1373643813958139,
    "(1,)": 0.20106103837081568,
    "(0, 1)": 0.6615745802333705
  }
}