{
  "pde": "helmholtz",
  "lc_seed": 0,
  "rng_seed": 2,
  "val_rel_rmse": 0.06157081574201584,
  "sobol": {
    "(0,)": 0.15224769153858272,
    "(1,)": 0.2013391897357017,
    "(0, 1)": 0.6464131187257156
  }
}