{
  "pde": "schrodinger",
  "lc_seed": 2,
  "rng_seed": 4,
  "val_rel_rmse": 0.01938495971262455,
  "sobol": {
    "(0,)": 0.9853519099197934,
    "(1,)": 0.009642095582516753,
    "(0, 1)": 0.005005994497689922
  }
}