{
  "pde": "helmholtz",
  "lc_seed": 3,
  "rng_seed": 5,
  "val_rel_rmse": 0.06574178487062454,
  "sobol": {
    "(0,)": 0.1575544821963682,
    "(1,)": 0.1930037587191082,
    "(0, 1)": 0.6494417590845236
  }
}