{
  "pde": "helmholtz",
  "lc_seed": 0,
  "rng_seed": 5,
  "val_rel_rmse": 0.06314542889595032,
  "sobol": {
    "(0,)": 0.16314689866504445,
    "(1,)": 0.19319819154888523,
    "(0, 1)": 0.6436549097860703
  }
}