{
  "pde": "helmholtz",
  "lc_seed": 1,
  "rng_seed": 4,
  "val_rel_rmse": 0.06359049677848816,
  "sobol": {
    "(0,)": 0.15546190777284766,
    "(1,)": 0.20090594709648935,
    "(0, 1)": 0.643632145130663
  }
}