{
  "pde": "schrodinger",
  "lc_seed": 2,
  "rng_seed": 5,
  "val_rel_rmse": 0.017497392371296883,
  "sobol": {
    "(0,)": 0.9812805701876479,
    "(1,)": 0.011469150615969405,
    "(0, 1)": 0.007250279196382643
  }
}