{
  "pde": "helmholtz",
  "lc_seed": 0,
  "rng_seed": 4,
  "val_rel_rmse": 0.06312034279108047,
  "sobol": {
    "(0,)": 0.16014014567523335,
    "(1,)": 0.19862229309053345,
    "(0, 1)": 0.6412375612342333
  }
}