{
  "pde": "schrodinger",
  "lc_seed": 0,
  "rng_seed": 1,
  "val_rel_rmse": 0.01790032535791397,
  "sobol": {
    "(0,)": 0.9749242539463647,
    "(1,)": 0.015370209693309376,
    "(0, 1)": 0.009705536360325874
  }
}