{
  "pde": "schrodinger",
  "lc_seed": 2,
  "rng_seed": 2,
  "val_rel_rmse": 0.015406585298478603,
  "sobol": {
    "(0,)": 0.9861395340514375,
    "(1,)": 0.009695733733465495,
    "(0, 1)": 0.004164732215096947
  }
}