{
  "pde": "helmholtz",
  "lc_seed": 3,
  "rng_seed": 0,
  "val_rel_rmse": 0.0630948543548584,
  "sobol": {
    "(0,)": 0.14198421569808636,
    "(1,)": 0.20627021470154214,
    "(0, 1)": 0.6517455696003716
  }
}