{
  "pde": "schrodinger",
  "lc_seed": 1,
  "rng_seed": 2,
  "val_rel_rmse": 0.015408165752887726,
  "sobol": {
    "(0,)": 0.986146024692556,
    "(1,)": 0.009690567492257149,
    "(0, 1)": 0.004163407815186924
  }
}