{
  "pde": "schrodinger",
  "lc_seed": 1,
  "rng_seed": 3,
  "val_rel_rmse": 0.01688941940665245,
  "sobol": {
    "(0,)": 0.9823345972552812,
    "(1,)": 0.010941712676508054,
    "(0, 1)": 0.0067236900682107375
  }
}