{
  "pde": "schrodinger",
  "lc_seed": 0,
  "rng_seed": 3,
  "val_rel_rmse": 0.015597626566886902,
  "sobol": {
    "(0,)": 0.9852398208199397,
    "(1,)": 0.009490417847334407,
    "(0, 1)": 0.005269761332725977
  }
}