{
  "pde": "helmholtz",
  "lc_seed": 2,
  "rng_seed": 1,
  "val_rel_rmse": 0.06806758791208267,
  "sobol": {
    "(0,)": 0.15735681400846357,
    "(1,)": 0.20236153864292755,
    "(0, 1)": 0.6402816473486089
  }
}