{
  "pde": "schrodinger",
  "lc_seed": 0,
  "rng_seed": 4,
  "val_rel_rmse": 0.01896051876246929,
  "sobol": {
    "(0,)": 0.9800349199731725,
    "(1,)": 0.01278450343609812,
    "(0, 1)": 0.007180576590729392
  }
}