{
  "pde": "schrodinger",
  "lc_seed": 2,
  "rng_seed": 0,
  "val_rel_rmse": 0.018443498760461807,
  "sobol": {
    "(0,)": 0.9813277912673102,
    "(1,)": 0.011252981061849252,
    "(0, 1)": 0.007419227670840549
  }
}