{
  "pde": "helmholtz",
  "lc_seed": 2,
  "rng_seed": 0,
  "val_rel_rmse": 0.06312090903520584,
  "sobol": {
    "(0,)": 0.1420527840321084,
    "(1,)": 0.20583601257329123,
    "(0, 1)": 0.6521112033946004
  }
}