{
  "pde": "schrodinger",
  "lc_seed": 3,
  "rng_seed": 0,
  "val_rel_rmse": 0.01845446415245533,
  "sobol": {
    "(0,)": 0.9813403325397603,
    "(1,)": 0.011252624549256806,
    "(0, 1)": 0.007407042910982919
  }
}