{
  "pde": "helmholtz",
  "lc_seed": 0,
  "rng_seed": 1,
  "val_rel_rmse": 0.06816115230321884,
  "sobol": {
    "(0,)": 0.15734914793046348,
    "(1,)": 0.2025994970891603,
    "(0, 1)": 0.6400513549803762
  }
}