{
  "pde": "schrodinger",
  "lc_seed": 0,
  "rng_seed": 2,
  "val_rel_rmse": 0.0154157355427742,
  "sobol": {
    "(0,)": 0.9861393433390497,
    "(1,)": 0.009697437081844939,
    "(0, 1)": 0.004163219579105341
  }
}