{
  "pde": "helmholtz",
  "lc_seed": 2,
  "rng_seed": 2,
  "val_rel_rmse": 0.0615280419588089,
  "sobol": {
    "(0,)": 0.15234166039590222,
    "(1,)": 0.2009938591925782,
    "(0, 1)": 0.6466644804115196
  }
}