{
  "pde": "schrodinger",
  "lc_seed": 1,
  "rng_seed": 1,
  "val_rel_rmse": 0.017906010150909424,
  "sobol": {
    "(0,)": 0.9749278431831255,
    "(1,)": 0.015368002324655013,
    "(0, 1)": 0.009704154492219478
  }
}