{
  "pde": "helmholtz",
  "lc_seed": 1,
  "rng_seed": 2,
  "val_rel_rmse": 0.061547596007585526,
  "sobol": {
    "(0,)": 0.1521859605663676,
    "(1,)": 0.20144365402432415,
    "(0, 1)": 0.6463703854093082
  }
}