{
  "pde": "schrodinger",
  "lc_seed": 0,
  "rng_seed": 5,
  "val_rel_rmse": 0.01700672134757042,
  "sobol": {
    "(0,)": 0.9853283269151629,
    "(1,)": 0.010150920670067141,
    "(0, 1)": 0.004520752414769932
  }
}