{
  "pde": "schrodinger",
  "lc_seed": 1,
  "rng_seed": 0,
  "val_rel_rmse": 0.01845083385705948,
  "sobol": {
    "(0,)": 0.9813464640057948,
    "(1,)": 0.011242930188417502,
    "(0, 1)": 0.007410605805787606
  }
}