{
  "pde": "schrodinger",
  "lc_seed": 3,
  "rng_seed": 2,
  "val_rel_rmse": 0.015412112697958946,
  "sobol": {
    "(0,)": 0.9861390591141109,
    "(1,)": 0.009699723351584175,
    "(0, 1)": 0.0041612175343048435
  }
}