{
  "pde": "schrodinger",
  "lc_seed": 3,
  "rng_seed": 1,
  "val_rel_rmse": 0.017903853207826614,
  "sobol": {
    "(0,)": 0.9749214853072693,
    "(1,)": 0.015377651121090432,
    "(0, 1)": 0.009700863571640288
  }
}