{
  "pde": "helmholtz",
  "lc_seed": 1,
  "rng_seed": 0,
  "val_rel_rmse": 0.06314534693956375,
  "sobol": {
    "(0,)": 0.14187427149560686,
    "(1,)": 0.20632953416018526,
    "(0, 1)": 0.6517961943442079
  }
}