{
  "pde": "helmholtz",
  "lc_seed": 0,
  "rng_seed": 0,
  "val_rel_rmse": 0.063141830265522,
  "sobol": {
    "(0,)": 0.14197084539487662,
    "(1,)": 0.20617778585606564,
    "(0, 1)": 0.6518513687490578
  }
}