{
  "pde": "helmholtz",
  "lc_seed": 0,
  "rng_seed": 3,
  "val_rel_rmse": 0.06860852986574173,
  "sobol": {
    "(0,)": 0.16048747304839053,
    "(1,)": 0.1952885166429542,
    "(0, 1)": 0.6442240103086553
  }
}