{
  "pde": "schrodinger",
  "lc_seed": 3,
  "rng_seed": 3,
  "val_rel_rmse": 0.016305703669786453,
  "sobol": {
    "(0,)": 0.985514901233375,
    "(1,)": 0.010271990623413985,
    "(0, 1)": 0.004213108143210919
  }
}