{
  "pde": "schrodinger",
  "lc_seed": 2,
  "rng_seed": 1,
  "val_rel_rmse": 0.017910689115524292,
  "sobol": {
    "(0,)": 0.9749193800153819,
    "(1,)": 0.0153700443339777,
    "(0, 1)": 0.009710575650640364
  }
}