{
  "pde": "schrodinger",
  "lc_seed": 1,
  "rng_seed": 5,
  "val_rel_rmse": 0.017419535666704178,
  "sobol": {
    "(0,)": 0.9847640896387473,
    "(1,)": 0.00969149943299002,
    "(0, 1)": 0.005544410928262677
  }
}