{
  "pde": "helmholtz",
  "lc_seed": 2,
  "rng_seed": 4,
  "val_rel_rmse": 0.07130057364702225,
  "sobol": {
    "(0,)": 0.17923538599753008,
    "(1,)": 0.19022737890718266,
    "(0, 1)": 0.6305372350952873
  }
}