{
  "pde": "helmholtz",
  "lc_seed": 2,
  "rng_seed": 5,
  "val_rel_rmse": 0.06603583693504333,
  "sobol": {
    "(0,)": 0.17465220425403244,
    "(1,)": 0.19093609172889228,
    "(0, 1)": 0.6344117040170753
  }
}