{
  "pde": "schrodinger",
  "lc_seed": 3,
  "rng_seed": 4,
  "val_rel_rmse": 0.01944415085017681,
  "sobol": {
    "(0,)": 0.9789862201316978,
    "(1,)": 0.012566769884116707,
    "(0, 1)": 0.008447009984185539
  }
}