{
  "pde": "schrodinger",
  "lc_seed": 2,
  "rng_seed": 3,
  "val_rel_rmse": 0.018370050936937332,
  "sobol": {
    "(0,)": 0.9853201772360458,
    "(1,)": 0.009558450377534757,
    "(0, 1)": 0.005121372386419405
  }
}