{
  "pde": "helmholtz",
  "lc_seed": 1,
  "rng_seed": 5,
  "val_rel_rmse": 0.06409528851509094,
  "sobol": {
    "(0,)": 0.1535423782928955,
    "(1,)": 0.19374452882169194,
    "(0, 1)": 0.6527130928854126
  }
}