{
  "pde": "helmholtz",
  "lc_seed": 3,
  "rng_seed": 1,
  "val_rel_rmse": 0.06811199337244034,
  "sobol": {
    "(0,)": 0.15735024416450138,
    "(1,)": 0.20274277852557265,
    "(0, 1)": 0.639906977309926
  }
}