{
  "pde": "helmholtz",
  "lc_seed": 3,
  "rng_seed": 2,
  "val_rel_rmse": 0.061518099159002304,
  "sobol": {
    "(0,)": 0.15224205158473705,
    "(1,)": 0.20144086029495747,
    "(0, 1)": 0.6463170881203054
  }
}