{
  "checkpoint": "/Users/anna/Desktop/research/thesis/code/checkpoints/lc_pinn_helmholtz_2d_seed0_film_lbfgs_w64.pt",
  "N_train": 30000,
  "N_val": 30000,
  "mc_gold_standard": {
    "x": 0.038138898172287876,
    "y": 0.039276270153630354,
    "k": 0.07293316222614474,
    "x,y": 0.27816936801487796,
    "x,k": 0.07306019468399033,
    "y,k": 0.07261342643671176,
    "x,y,k": 0.4258086803123569
  },
  "var_y_val": 0.05179531843693854,
  "results": [
    {
      "method": "ols",
      "P": 2,
      "n_basis": 10,
      "rel_rmse": 0.9364215183656894,
      "captured": 0.12311473994169675,
      "fit_seconds": 0.0017015417106449604,
      "sobol": {
        "x": 0.2566350134427716,
        "y": 0.2728342124594212,
        "k": 0.2900362447880066,
        "x,y": 0.16884864219600543,
        "x,k": 0.006131428534236289,
        "y,k": 0.005514458579558843,
        "x,y,k": 0.0
      },
      "err_vs_gold": {
        "x": 0.21849611527048374,
        "y": 0.23355794230579083,
        "k": 0.21710308256186187,
        "x,y": -0.10932072581887253,
        "x,k": -0.06692876614975404,
        "y,k": -0.06709896785715291,
        "x,y,k": -0.4258086803123569
      },
      "max_abs_err": 0.4258086803123569
    },
    {
      "method": "lasso",
      "P": 2,
      "alpha": 0.0003,
      "n_basis": 10,
      "n_active": 10,
      "rel_rmse": 0.9363964145146076,
      "captured": 0.12316175488418712,
      "sobol": {
        "x": 0.2572779465262544,
        "y": 0.2735537186032645,
        "k": 0.28971080731056176,
        "x,y": 0.16875885596403845,
        "x,k": 0.005638775898066236,
        "y,k": 0.005059895697814888,
        "x,y,k": 0.0
      },
      "err_vs_gold": {
        "x": 0.21913904835396653,
        "y": 0.23427744844963413,
        "k": 0.21677764508441702,
        "x,y": -0.10941051205083951,
        "x,k": -0.0674214187859241,
        "y,k": -0.06755353073889687,
        "x,y,k": -0.4258086803123569
      },
      "max_abs_err": 0.4258086803123569
    },
    {
      "method": "ols",
      "P": 4,
      "n_basis": 35,
      "rel_rmse": 0.8331053424192557,
      "captured": 0.30593548843249474,
      "fit_seconds": 0.009450375102460384,
      "sobol": {
        "x": 0.12058534724858151,
        "y": 0.1329989982238464,
        "k": 0.22303442659047865,
        "x,y": 0.3890410409327075,
        "x,k": 0.06477484423645942,
        "y,k": 0.05941746988025202,
        "x,y,k": 0.010147872887674478
      },
      "err_vs_gold": {
        "x": 0.08244644907629364,
        "y": 0.09372272807021603,
        "k": 0.1501012643643339,
        "x,y": 0.11087167291782957,
        "x,k": -0.008285350447530912,
        "y,k": -0.013195956556459741,
        "x,y,k": -0.4156608074246824
      },
      "max_abs_err": 0.4156608074246824
    },
    {
      "method": "lasso",
      "P": 4,
      "alpha": 0.0003,
      "n_basis": 35,
      "n_active": 33,
      "rel_rmse": 0.8330305807676439,
      "captured": 0.30606005150592186,
      "sobol": {
        "x": 0.12086878640010629,
        "y": 0.1334718864538667,
        "k": 0.22318498891311306,
        "x,y": 0.3912621606359455,
        "x,k": 0.06352372772797639,
        "y,k": 0.05822724233368479,
        "x,y,k": 0.009461207535307364
      },
      "err_vs_gold": {
        "x": 0.0827298882278184,
        "y": 0.09419561630023635,
        "k": 0.15025182668696832,
        "x,y": 0.11309279262106753,
        "x,k": -0.009536466956013942,
        "y,k": -0.014386184103026972,
        "x,y,k": -0.41634747277704953
      },
      "max_abs_err": 0.41634747277704953
    },
    {
      "method": "ols",
      "P": 6,
      "n_basis": 84,
      "rel_rmse": 0.687626492595832,
      "captured": 0.5271698066803543,
      "fit_seconds": 0.024233917240053415,
      "sobol": {
        "x": 0.06948026364031008,
        "y": 0.07541033203242899,
        "k": 0.1335423412546315,
        "x,y": 0.40709394984841046,
        "x,k": 0.11362884775476595,
        "y,k": 0.10492612102175165,
        "x,y,k": 0.09591814444770105
      },
      "err_vs_gold": {
        "x": 0.03134136546802221,
        "y": 0.03613406187879863,
        "k": 0.060609179028486754,
        "x,y": 0.1289245818335325,
        "x,k": 0.04056865307077562,
        "y,k": 0.032312694585039894,
        "x,y,k": -0.3298905358646559
      },
      "max_abs_err": 0.3298905358646559
    },
    {
      "method": "lasso",
      "P": 6,
      "alpha": 0.0003,
      "n_basis": 84,
      "n_active": 81,
      "rel_rmse": 0.6875201914416135,
      "captured": 0.5273159863600871,
      "sobol": {
        "x": 0.06990018547545224,
        "y": 0.07589691998760434,
        "k": 0.13393589939706302,
        "x,y": 0.4103393352235795,
        "x,k": 0.11230150217134459,
        "y,k": 0.10356695405418884,
        "x,y,k": 0.09405920369076709
      },
      "err_vs_gold": {
        "x": 0.03176128730316436,
        "y": 0.036620649833973985,
        "k": 0.06100273717091828,
        "x,y": 0.13216996720870156,
        "x,k": 0.03924130748735426,
        "y,k": 0.030953527617477078,
        "x,y,k": -0.3317494766215898
      },
      "max_abs_err": 0.3317494766215898
    },
    {
      "method": "ols",
      "P": 8,
      "n_basis": 165,
      "rel_rmse": 0.5172247903472239,
      "captured": 0.7324785162502703,
      "fit_seconds": 0.049191124737262726,
      "sobol": {
        "x": 0.048486179131008236,
        "y": 0.05171185680075698,
        "k": 0.09909071995301032,
        "x,y": 0.3555602660376158,
        "x,k": 0.09323555351179257,
        "y,k": 0.09206069619779444,
        "x,y,k": 0.2598547283680216
      },
      "err_vs_gold": {
        "x": 0.01034728095872036,
        "y": 0.012435586647126629,
        "k": 0.02615755772686558,
        "x,y": 0.07739089802273785,
        "x,k": 0.020175358827802234,
        "y,k": 0.019447269761082686,
        "x,y,k": -0.16595395194433532
      },
      "max_abs_err": 0.16595395194433532
    },
    {
      "method": "lasso",
      "P": 8,
      "alpha": 0.0003,
      "n_basis": 165,
      "n_active": 161,
      "rel_rmse": 0.5168402119797424,
      "captured": 0.732876195280735,
      "sobol": {
        "x": 0.04900372658646618,
        "y": 0.05229311517308743,
        "k": 0.0997576306470503,
        "x,y": 0.35913534133481123,
        "x,k": 0.09198189456550324,
        "y,k": 0.09083408812376373,
        "x,y,k": 0.2569942035693181
      },
      "err_vs_gold": {
        "x": 0.010864828414178303,
        "y": 0.013016845019457074,
        "k": 0.026824468420905564,
        "x,y": 0.08096597331993327,
        "x,k": 0.018921699881512904,
        "y,k": 0.01822066168705197,
        "x,y,k": -0.1688144767430388
      },
      "max_abs_err": 0.1688144767430388
    },
    {
      "method": "ols",
      "P": 10,
      "n_basis": 286,
      "rel_rmse": 0.34133084513405115,
      "captured": 0.8834932541600744,
      "fit_seconds": 0.09090920817106962,
      "sobol": {
        "x": 0.04372149268190532,
        "y": 0.04459418855630365,
        "k": 0.08115400231933953,
        "x,y": 0.302785518036996,
        "x,k": 0.08015160537322749,
        "y,k": 0.07804758380644564,
        "x,y,k": 0.36954560922578256
      },
      "err_vs_gold": {
        "x": 0.005582594509617442,
        "y": 0.005317918402673295,
        "k": 0.008220840093194792,
        "x,y": 0.024616150022118033,
        "x,k": 0.00709141068923716,
        "y,k": 0.005434157369733877,
        "x,y,k": -0.05626307108657436
      },
      "max_abs_err": 0.05626307108657436
    }
  ]
}