{
  "k_values": [
    1.0,
    1.45,
    1.9,
    2.35,
    2.8,
    3.25,
    3.7,
    4.15,
    4.6,
    5.05,
    5.5,
    5.95,
    6.4,
    6.8500000000000005,
    7.3,
    7.75,
    8.2,
    8.65,
    9.1,
    9.55,
    10.0
  ],
  "var_Y": [
    0.07887408147255423,
    0.07066795789160865,
    0.07088643140608082,
    0.08324386203840038,
    0.10501195139024166,
    0.13105908048030096,
    0.15605212578111935,
    0.17323494076514714,
    0.1834992320327672,
    0.1885934070219729,
    0.1914695908166156,
    0.1984425836932128,
    0.20862433970294528,
    0.22178830598763533,
    0.2335095653407739,
    0.24432883169036385,
    0.2488714015755777,
    0.25215363506966887,
    0.2502690722093407,
    0.2501339560125085,
    0.24906399211356006
  ],
  "S_x": [
    1.0,
    1.0,
    1.0,
    1.0,
    1.0,
    1.0,
    1.0,
    1.0,
    1.0,
    1.0,
    1.0,
    1.0,
    1.0,
    1.0,
    1.0,
    1.0,
    1.0,
    1.0,
    1.0,
    1.0,
    1.0
  ]
}