{
  "alpha_values": [
    0.5,
    0.975,
    1.45,
    1.9249999999999998,
    2.4,
    2.875,
    3.3499999999999996,
    3.8249999999999997,
    4.3,
    4.7749999999999995,
    5.25,
    5.725,
    6.199999999999999,
    6.675,
    7.1499999999999995,
    7.625,
    8.1,
    8.575,
    9.049999999999999,
    9.525,
    10.0
  ],
  "var_Y": [
    0.09622545730856873,
    0.09745928451890187,
    0.09896760799891778,
    0.09931632645299003,
    0.10096235238845838,
    0.10240058368983904,
    0.1032434096947922,
    0.10448653833744491,
    0.10542853209945943,
    0.10649317106339176,
    0.10727044533546953,
    0.10833713788624844,
    0.10914784907554484,
    0.11007779483724259,
    0.11053791594425609,
    0.11159240881087286,
    0.11267307941634679,
    0.11338057895414146,
    0.11420346275487427,
    0.11463813544187772,
    0.11569303174560223
  ]
}