{
  "alpha_values": [
    0.5,
    0.975,
    1.45,
    1.9249999999999998,
    2.4,
    2.875,
    3.3499999999999996,
    3.8249999999999997,
    4.3,
    4.7749999999999995,
    5.25,
    5.725,
    6.199999999999999,
    6.675,
    7.1499999999999995,
    7.625,
    8.1,
    8.575,
    9.049999999999999,
    9.525,
    10.0
  ],
  "var_Y": [
    0.09603242968091846,
    0.09738764300503884,
    0.09895713768298568,
    0.09933296584972312,
    0.10098618927696486,
    0.10242016411719598,
    0.10325285446769215,
    0.10448525298971774,
    0.10541922862660616,
    0.10648058770861851,
    0.10725972092836528,
    0.108332475200555,
    0.10915107984941029,
    0.11008805778388152,
    0.11055157718781451,
    0.11160431884497621,
    0.11267780655120721,
    0.1133754368649001,
    0.11419115735537078,
    0.11462984984142105,
    0.11571172932143116
  ]
}