{
  "alpha_values": [
    0.5,
    1.45,
    2.4,
    3.3499999999999996,
    4.3,
    5.25,
    6.199999999999999,
    7.1499999999999995,
    8.1,
    9.049999999999999,
    10.0
  ],
  "var_Y_at_a": [
    0.09583217601377331,
    0.09901829117539337,
    0.1009647492704289,
    0.10261880894979462,
    0.10535205208998456,
    0.10757688500193739,
    0.10881755500673758,
    0.11105145454918486,
    0.11237134132199969,
    0.1146347886101048,
    0.11500494300872179
  ],
  "S_x_at_a": [
    0.9951515810951236,
    1.0005719601926744,
    1.015238978456855,
    1.0056368511022604,
    0.9699752117469508,
    0.9785070560153334,
    1.0103133731652878,
    0.9934759721357328,
    1.0112308929931744,
    1.0275455407034835,
    0.9841944695528526
  ]
}