{
  "alpha_values": [
    0.5,
    0.975,
    1.45,
    1.9249999999999998,
    2.4,
    2.875,
    3.3499999999999996,
    3.8249999999999997,
    4.3,
    4.7749999999999995,
    5.25,
    5.725,
    6.199999999999999,
    6.675,
    7.1499999999999995,
    7.625,
    8.1,
    8.575,
    9.049999999999999,
    9.525,
    10.0
  ],
  "var_Y": [
    0.09618653201534527,
    0.0974376895675289,
    0.09897414242154118,
    0.09934989007859123,
    0.10101154322712606,
    0.10245060797997438,
    0.10328253758506857,
    0.10450925354618579,
    0.10543571771557145,
    0.10648956343921673,
    0.10726254657581931,
    0.10833121585114844,
    0.10914795808336719,
    0.1100849120696852,
    0.11055018666425517,
    0.11160558470941082,
    0.1126819026261204,
    0.11338164381207176,
    0.11419777593778697,
    0.1146342339494511,
    0.11571168439368909
  ]
}