{
  "alpha_values": [
    0.5,
    0.975,
    1.45,
    1.9249999999999998,
    2.4,
    2.875,
    3.3499999999999996,
    3.8249999999999997,
    4.3,
    4.7749999999999995,
    5.25,
    5.725,
    6.199999999999999,
    6.675,
    7.1499999999999995,
    7.625,
    8.1,
    8.575,
    9.049999999999999,
    9.525,
    10.0
  ],
  "var_Y": [
    0.09618509559526181,
    0.0974729860444203,
    0.0989811636641438,
    0.0993306278916149,
    0.10098286673384095,
    0.10242563431242575,
    0.1032654483793378,
    0.10449838869657203,
    0.10542632462000655,
    0.1064775120339972,
    0.10724591455979435,
    0.10831046435092966,
    0.10912587182891996,
    0.11006550280499022,
    0.11053738596506271,
    0.1116022105617719,
    0.11268874946841537,
    0.11339630501960142,
    0.11421369443282633,
    0.11463878815948006,
    0.11568425118658482
  ]
}