{
  "k_values": [
    1.0,
    1.45,
    1.9,
    2.35,
    2.8,
    3.25,
    3.7,
    4.15,
    4.6,
    5.05,
    5.5,
    5.95,
    6.4,
    6.8500000000000005,
    7.3,
    7.75,
    8.2,
    8.65,
    9.1,
    9.55,
    10.0
  ],
  "var_Y": [
    0.07869552223320518,
    0.07062045351756148,
    0.07057126208538471,
    0.08301148028915283,
    0.10497706514597602,
    0.1312903881221258,
    0.15635172581447995,
    0.17332906735380896,
    0.18336322454199747,
    0.18839004179353164,
    0.19129312314289396,
    0.19832357020673094,
    0.20862288330783835,
    0.22189630701673543,
    0.2336590367620368,
    0.2444607424834482,
    0.24896870718236502,
    0.2522160674514641,
    0.2502839891116165,
    0.25008678243132537,
    0.2489447770074648
  ],
  "S_x": [
    1.0,
    1.0,
    1.0,
    1.0,
    1.0,
    1.0,
    1.0,
    1.0,
    1.0,
    1.0,
    1.0,
    1.0,
    1.0,
    1.0,
    1.0,
    1.0,
    1.0,
    1.0,
    1.0,
    1.0,
    1.0
  ]
}