{
  "k_values": [
    1.0,
    1.45,
    1.9,
    2.35,
    2.8,
    3.25,
    3.7,
    4.15,
    4.6,
    5.05,
    5.5,
    5.95,
    6.4,
    6.8500000000000005,
    7.3,
    7.75,
    8.2,
    8.65,
    9.1,
    9.55,
    10.0
  ],
  "var_Y": [
    0.07861260954978738,
    0.07068717184323954,
    0.07096619794004881,
    0.08314944944737852,
    0.10497076748253154,
    0.13129881173637004,
    0.15636206302189257,
    0.17339904356759936,
    0.1834727741189803,
    0.18846797574608304,
    0.19132636074674222,
    0.19833212676422143,
    0.2085384955737006,
    0.22165775386983433,
    0.23337877668884308,
    0.24433050520317615,
    0.24907927057824797,
    0.2525038118360996,
    0.25057910651920123,
    0.25018759747916,
    0.2486611857870756
  ],
  "S_x": [
    1.0,
    1.0,
    1.0,
    1.0,
    1.0,
    1.0,
    1.0,
    1.0,
    1.0,
    1.0,
    1.0,
    1.0,
    1.0,
    1.0,
    1.0,
    1.0,
    1.0,
    1.0,
    1.0,
    1.0,
    1.0
  ]
}