{
  "k_values": [
    1.0,
    1.45,
    1.9,
    2.35,
    2.8,
    3.25,
    3.7,
    4.15,
    4.6,
    5.05,
    5.5,
    5.95,
    6.4,
    6.8500000000000005,
    7.3,
    7.75,
    8.2,
    8.65,
    9.1,
    9.55,
    10.0
  ],
  "var_Y": [
    0.07867019887251922,
    0.07132557452203413,
    0.07114323996794758,
    0.08311941337658788,
    0.1050016289185808,
    0.13128641266322372,
    0.15634738321957017,
    0.17341460786518662,
    0.1835426925728438,
    0.188568999185566,
    0.19138788986797617,
    0.19834477399238254,
    0.20859402437131977,
    0.22184016982754987,
    0.23363633621258115,
    0.24452302699244713,
    0.2490925350816624,
    0.2523428703482237,
    0.25035900170319686,
    0.2500634902121067,
    0.2488987342181518
  ],
  "S_x": [
    1.0,
    1.0,
    1.0,
    1.0,
    1.0,
    1.0,
    1.0,
    1.0,
    1.0,
    1.0,
    1.0,
    1.0,
    1.0,
    1.0,
    1.0,
    1.0,
    1.0,
    1.0,
    1.0,
    1.0,
    1.0
  ]
}