{
  "k_values": [
    1.0,
    1.9,
    2.8,
    3.7,
    4.6,
    5.5,
    6.4,
    7.3,
    8.2,
    9.1,
    10.0
  ],
  "S_x_analytic": [
    0.4415324909783154,
    0.3821006714550694,
    0.0661253243698582,
    0.08336258776086515,
    0.1996224931680042,
    0.2099801657986223,
    0.14029789273481436,
    0.04712526173713998,
    0.005176451933819407,
    2.0188811698246195e-05,
    0.00012647488790331433
  ],
  "S_xy_analytic": [
    0.11693501804336927,
    0.2357986570898612,
    0.8677493512602835,
    0.8332748244782697,
    0.6007550136639916,
    0.5800396684027553,
    0.7194042145303713,
    0.9057494765257201,
    0.9896470961323612,
    0.9999596223766034,
    0.9997470502241933
  ],
  "A_k": [
    0.545571390740769,
    0.33962985344236873,
    0.08943312795317784,
    -0.12491057852625961,
    -0.24704671102562756,
    -0.2633876454592116,
    -0.20140544941268318,
    -0.11041617312057178,
    -0.03618776221116266,
    -0.002251666300104301,
    -0.005609336324858715
  ],
  "B_k": [
    0.37647697518217027,
    0.1865312660022663,
    0.11295816387953525,
    0.171563473650882,
    0.2447053996462843,
    0.26100601767441406,
    0.2485645999296579,
    0.24651731004661775,
    0.2516734061242971,
    0.25112417934770037,
    0.24875036490122707
  ],
  "S_x_empirical_mean": [
    0.4418245619676321,
    0.39456476314420835,
    0.0376579031434486,
    0.06823277252440424,
    0.20174796895335778,
    0.2126400474113433,
    0.13430272196027854,
    0.04844114569638741,
    -0.006320761920913692,
    -0.02906222424190951,
    0.007196510438321484
  ],
  "S_xy_empirical_mean": [
    0.09694049376669957,
    0.24921504590850738,
    0.8910094025778283,
    0.8494851924554475,
    0.6041688863370075,
    0.560813290466778,
    0.7097900374543781,
    0.915592551744541,
    1.013429765434602,
    1.0253725627917645,
    0.9929498872218676
  ],
  "max_abs_diff_xy": 0.025412940415161067
}