{
  "k_values": [
    1.0,
    1.45,
    1.9,
    2.35,
    2.8,
    3.25,
    3.7,
    4.15,
    4.6,
    5.05,
    5.5,
    5.95,
    6.4,
    6.8500000000000005,
    7.3,
    7.75,
    8.2,
    8.65,
    9.1,
    9.55,
    10.0
  ],
  "var_Y_at_k": [
    0.05328530891052291,
    0.034103889906205206,
    0.021461338287431426,
    0.01470033200533825,
    0.012846798813426917,
    0.017597050539229227,
    0.029404614467922703,
    0.04380527421992274,
    0.05574695416540877,
    0.0626307659981924,
    0.06358812478865071,
    0.06211474234533515,
    0.060618641342539796,
    0.06053805503478575,
    0.06169612445161158,
    0.06201105921845525,
    0.06329311550360658,
    0.06326994091857727,
    0.06240502228544261,
    0.06169074218334741,
    0.062000153270224144
  ],
  "S_x_at_k": [
    0.4229997775014215,
    0.4198834756635334,
    0.38456149862890676,
    0.25973180636974114,
    0.07049148799050294,
    0.001878571297950522,
    0.07818764748854085,
    0.1479492576058667,
    0.19179015160546303,
    0.22027515696848263,
    0.20712365079816447,
    0.1779030521792816,
    0.15711798356958093,
    0.08464093259560661,
    0.04811886717081097,
    0.013065513986219452,
    0.0028089313563965726,
    0.0044946520895853236,
    -0.00431784059056573,
    -0.0013319812134849963,
    0.0026637262466058464
  ],
  "S_y_at_k": [
    0.44880317371022893,
    0.4177335650409262,
    0.3917646671425248,
    0.2755096982558408,
    0.06966739526290085,
    -0.003967209637222468,
    0.08157161220148859,
    0.1586129348029854,
    0.2048544150630149,
    0.21667857374034874,
    0.20035494937140716,
    0.1732139798472457,
    0.1294119254530063,
    0.10318323921951986,
    0.05028011664178178,
    0.025192670407746524,
    0.002650720828201946,
    0.0033605125483113377,
    -0.012417409801001941,
    -0.009733026862310487,
    -0.0012163126609632602
  ],
  "S_T_x_at_k": [
    0.5580750065464267,
    0.5798069416734132,
    0.6106771394846398,
    0.7247940717149665,
    0.9282692399080829,
    0.9994386761597148,
    0.9272514434383515,
    0.8436557944586022,
    0.7983330748292448,
    0.7845320179437757,
    0.7819788597604658,
    0.8124629888965583,
    0.8704736612642521,
    0.8987734186727949,
    0.9464537671244344,
    0.9729928341519403,
    0.9855310609091613,
    1.0012317511179811,
    1.0063611586338173,
    1.0186679410924133,
    1.0156785633787702
  ],
  "S_T_y_at_k": [
    0.5675096589936776,
    0.5723659004331053,
    0.6204544048186936,
    0.734312708180666,
    0.929007444248056,
    0.9992511866627626,
    0.9183716004844004,
    0.8496224937479492,
    0.815834118568277,
    0.7738873247042575,
    0.7915251159006367,
    0.8210557724359067,
    0.8426696814059593,
    0.9147336553286761,
    0.9401289836001234,
    0.9765697528650177,
    0.9916031813591428,
    1.0091428838453607,
    0.9918782262850797,
    1.0115937075161827,
    1.0028725550919453
  ],
  "S_xy_at_k": [
    0.12684112568996092,
    0.15981384197960824,
    0.24546401865098375,
    0.4738171836286321,
    0.8689390691769695,
    1.001737422159524,
    0.828771424280392,
    0.6909048759166955,
    0.5937857441140936,
    0.5660963507764007,
    0.5917250415249387,
    0.6348980477285547,
    0.7181682251263044,
    0.80644723856575,
    0.9043992064433931,
    0.9671084227735995,
    1.0041512069370073,
    0.9933633928035779,
    1.0196014575787982,
    1.001060692719621,
    0.9926610200120038
  ]
}