{
  "k_values": [
    1.0,
    1.45,
    1.9,
    2.35,
    2.8,
    3.25,
    3.7,
    4.15,
    4.6,
    5.05,
    5.5,
    5.95,
    6.4,
    6.8500000000000005,
    7.3,
    7.75,
    8.2,
    8.65,
    9.1,
    9.55,
    10.0
  ],
  "var_Y_at_k": [
    0.051508568207404536,
    0.03400719916732144,
    0.021586745130979888,
    0.01463907884813963,
    0.012780627289430602,
    0.017457538239674424,
    0.029382032944673418,
    0.0441457550707463,
    0.05629108458639948,
    0.06313725869697602,
    0.06394801716613004,
    0.06218214527966272,
    0.060243057299862575,
    0.05972655551883263,
    0.06068386622839626,
    0.06114154731470934,
    0.06275157115371463,
    0.06306277729160085,
    0.06246378986543592,
    0.061996044738304036,
    0.06261465604430004
  ],
  "S_x_at_k": [
    0.4242257028492335,
    0.42001236014333015,
    0.38622907958398195,
    0.2575217090531459,
    0.06990904189246638,
    0.001629128223433003,
    0.07884582827902815,
    0.149694245063641,
    0.1934148467254051,
    0.22100710794705788,
    0.20692441908801146,
    0.17683154956107755,
    0.1552382871192057,
    0.08226562354173887,
    0.045998155229341794,
    0.011751187624893621,
    0.0019887174501293926,
    0.004303800649478064,
    -0.004336580968862814,
    -0.0014394996872355654,
    0.0025529362696804954
  ],
  "S_y_at_k": [
    0.45525777751261887,
    0.42309009650917223,
    0.3945552780122381,
    0.2749305235400146,
    0.0685847299212104,
    -0.0037380441666213563,
    0.0832775036899109,
    0.1611143415681502,
    0.2066303551421543,
    0.21723868806849628,
    0.2000649630417424,
    0.17301387646814007,
    0.1292180303890243,
    0.10276091793496897,
    0.0494420345264107,
    0.024545562320471937,
    0.0024058522766823333,
    0.003315664761772629,
    -0.012369612293343544,
    -0.009686651151323715,
    -0.0012148931340604482
  ],
  "S_T_x_at_k": [
    0.551759508614527,
    0.5744199579382322,
    0.6079379168627523,
    0.7254251919421104,
    0.9293294154736115,
    0.9991454561914749,
    0.9254099215730234,
    0.8411922498191935,
    0.7966209625996583,
    0.7840949846246609,
    0.7821539029843448,
    0.8126665243272441,
    0.8706785812703531,
    0.8991380246642693,
    0.9474555897763767,
    0.9736882975619026,
    0.9858480396723681,
    1.001287767461932,
    1.0063015033396363,
    1.018610557151432,
    1.0155772594852648
  ],
  "S_T_y_at_k": [
    0.5667119095969504,
    0.5722902341046618,
    0.6188038666716583,
    0.7364629082822052,
    0.9296225411851646,
    0.9994591891823966,
    0.9176574800161024,
    0.8477332711713631,
    0.8143035360816998,
    0.7732353781422105,
    0.791785953616298,
    0.8221566038531037,
    0.8444657678962838,
    0.9171833335547103,
    0.9421023907423774,
    0.9780075235149117,
    0.9924074732089408,
    1.009319106312686,
    0.991843786005491,
    1.011623080759722,
    1.002751813669493
  ],
  "S_xy_at_k": [
    0.11898330204560312,
    0.1543374955975476,
    0.24098199034638104,
    0.4766767472290139,
    0.8705664978608239,
    1.001757972545948,
    0.8262934592347325,
    0.6865246991208693,
    0.5902940448226847,
    0.5648187111854948,
    0.5921738102871382,
    0.6361502303503197,
    0.7202508367286312,
    0.8092802890312801,
    0.907265787971646,
    0.968923594436394,
    1.005159066785558,
    0.9935413640275043,
    1.019549101666686,
    1.0011486704057402,
    0.9928515712892194
  ]
}