{
  "checkpoint": "/Users/anna/Desktop/research/thesis/code/checkpoints/lc_pinn_helmholtz_2d_seed0_film_lbfgs_w64.pt",
  "tag": "mc_megaN_seed0",
  "N": 1000000,
  "seed": 42,
  "var_Y": 0.052174829223499856,
  "f0": 0.045805111885093154,
  "S_first": {
    "x": 0.038138898172287876,
    "y": 0.039276270153630354,
    "k": 0.07293316222614474
  },
  "S_total": {
    "x": 0.8149940867531867,
    "y": 0.8134453179230169,
    "k": 0.6422711488631228
  },
  "S_pair": {
    "x,y": 0.27816936801487796,
    "x,k": 0.07306019468399033,
    "y,k": 0.07261342643671176
  },
  "S_triplet": 0.4258086803123569
}