{
  "checkpoint": "/Users/anna/Desktop/research/thesis/code/checkpoints/lc_pinn_helmholtz_2d_seed3_film_lbfgs_w64.pt",
  "tag": "mc_sobol_seed3",
  "N": 30000,
  "seed": 42,
  "var_Y": 0.05243200594863193,
  "f0": 0.04515748566879581,
  "S_first": {
    "x": 0.044394058838676344,
    "y": 0.03852247990022377,
    "k": 0.07611025668414273
  },
  "S_total": {
    "x": 0.8267375168283311,
    "y": 0.8187156812665396,
    "k": 0.6441502691009025
  },
  "S_pair": {
    "x,y": 0.2580388638700043,
    "x,k": 0.06358230516420592,
    "y,k": 0.07751149084309951
  },
  "S_triplet": 0.44184054469964745
}