{
  "checkpoint": "/Users/anna/Desktop/research/thesis/code/checkpoints/lc_pinn_helmholtz_2d_seed3_film_lbfgs_w64.pt",
  "tag": "mc_highn200_seed3",
  "N": 200000,
  "seed": 42,
  "var_Y": 0.05224708983321574,
  "f0": 0.045157129486808556,
  "S_first": {
    "x": 0.03693601066393094,
    "y": 0.04281598973477632,
    "k": 0.07651329424131814
  },
  "S_total": {
    "x": 0.8181269721962228,
    "y": 0.8201212891736192,
    "k": 0.642150602466064
  },
  "S_pair": {
    "x,y": 0.2773499447021121,
    "x,k": 0.07441321873845684,
    "y,k": 0.06657415425585628
  },
  "S_triplet": 0.4253973876635494
}