{
  "checkpoint": "/Users/anna/Desktop/research/thesis/code/checkpoints/lc_pinn_helmholtz_2d_seed0_film_lbfgs_w64.pt",
  "tag": "mc_sobol_seed0",
  "N": 30000,
  "seed": 42,
  "var_Y": 0.05223373596765714,
  "f0": 0.045516564999024074,
  "S_first": {
    "x": 0.044120783240619146,
    "y": 0.038757166624048996,
    "k": 0.07581520094847041
  },
  "S_total": {
    "x": 0.8268433733719616,
    "y": 0.818724540393598,
    "k": 0.6437363560803467
  },
  "S_pair": {
    "x,y": 0.25849823655675286,
    "x,k": 0.0638960960117076,
    "y,k": 0.07751714677139412
  },
  "S_triplet": 0.44139536984700684
}