{
  "k_values": [
    1.0,
    1.9,
    2.8,
    3.7,
    4.6,
    5.5,
    6.4,
    7.3,
    8.2,
    9.1,
    10.0
  ],
  "var_Y_at_k": [
    0.051529260848360174,
    0.02112472675926751,
    0.012734052106808806,
    0.029740188523861913,
    0.05706238384613176,
    0.06322098476181467,
    0.06007705523433856,
    0.05760653818095931,
    0.06416066578963504,
    0.06324797269208,
    0.06252710876926276
  ],
  "S_x_at_k": [
    0.44164006980212317,
    0.3967352552812703,
    0.039017305803402194,
    0.06832348530222339,
    0.20226786889337164,
    0.21236537026544686,
    0.13236503249759582,
    0.04716380148359237,
    -0.0065890139064427,
    -0.029085107725747936,
    0.005565161964313864
  ],
  "S_y_at_k": [
    0.45413426492157516,
    0.3937739344295691,
    0.07591432308594322,
    0.07101210662684306,
    0.20748152242827225,
    0.20616170128829203,
    0.15088304466729555,
    0.025525515081640016,
    0.008244049155771802,
    0.012775972152951218,
    -0.015182647213839153
  ],
  "S_T_x_at_k": [
    0.5374857262303603,
    0.6363826029894798,
    0.9268325594061393,
    0.908276265473159,
    0.7910286298190046,
    0.8102682226645946,
    0.8755282755420694,
    0.980724850624348,
    0.960704321536214,
    0.9714743378267929,
    1.037113356832194
  ],
  "S_T_y_at_k": [
    0.5638226090078304,
    0.6224764763645732,
    0.9370371302732051,
    0.9392875235380195,
    0.7974200792206997,
    0.8070290048818752,
    0.8536773948836097,
    0.9642185557329982,
    0.9962440572290224,
    1.0035385537768828,
    1.007431744856954
  ],
  "S_xy_at_k": [
    0.10042018375639271,
    0.2433365850336145,
    0.8885911457724465,
    0.8487818231519866,
    0.6014357214144349,
    0.5578422377373865,
    0.7104016215097629,
    0.9187036724010964,
    1.0136197733836787,
    1.0259283039155451,
    0.9960620061346038
  ]
}