{
  "k_values": [
    1.0,
    1.9,
    2.8,
    3.7,
    4.6,
    5.5,
    6.4,
    7.3,
    8.2,
    9.1,
    10.0
  ],
  "var_Y_at_k": [
    0.05309796590850838,
    0.022161012147458945,
    0.01393828534849959,
    0.031111164454878985,
    0.05913371252949537,
    0.06491983180250002,
    0.061673851516869535,
    0.0582311029213889,
    0.06419693550342563,
    0.06441761586156651,
    0.06355632806398834
  ],
  "S_x_at_k": [
    0.43518683910284467,
    0.39039325141264253,
    0.03301272105762839,
    0.06900651752622161,
    0.20337465751308248,
    0.21326885478191202,
    0.13748807788336218,
    0.04935153353116035,
    -0.0064472759093589255,
    -0.029418829654974096,
    0.01270552539187213
  ],
  "S_y_at_k": [
    0.4812506353136517,
    0.3830844448915765,
    0.07016010426363949,
    0.0717399858415443,
    0.2034543279476723,
    0.1934031012485043,
    0.14515992537911934,
    0.03155323779305867,
    0.008555935426128602,
    0.014521227513531255,
    -0.01094225165601676
  ],
  "S_T_x_at_k": [
    0.5104597001256488,
    0.6453500681158096,
    0.9336067543450259,
    0.9077242155826679,
    0.7959563753289538,
    0.8225493240768087,
    0.8824102411146698,
    0.9740353687202763,
    0.9598601081544337,
    0.9757318258413142,
    1.0341159370854067
  ],
  "S_T_y_at_k": [
    0.5706953924951811,
    0.6290744266171543,
    0.9434195820247575,
    0.9393349593038196,
    0.7963087352487833,
    0.8076154455338002,
    0.8485362475502585,
    0.9618755008040087,
    0.9979971878021272,
    1.0058711376700222,
    1.0037481802147155
  ],
  "S_xy_at_k": [
    0.07944559544052668,
    0.259310528578829,
    0.9006108495807226,
    0.8481020874591183,
    0.6044264309574265,
    0.5699467770323164,
    0.7111729831724818,
    0.910775920022047,
    1.014223989331011,
    1.0240940828014098,
    0.9836766371859703
  ]
}