{
  "k_values": [
    1.0,
    1.9,
    2.8,
    3.7,
    4.6,
    5.5,
    6.4,
    7.3,
    8.2,
    9.1,
    10.0
  ],
  "var_Y_at_k": [
    0.0529638194760371,
    0.02113266618200679,
    0.012700848156427268,
    0.029923736896579158,
    0.05651203394164768,
    0.06276094939098445,
    0.060074535116450944,
    0.057841956842756545,
    0.06419229782733449,
    0.06304670950818148,
    0.06210655341600682
  ],
  "S_x_at_k": [
    0.44988396155834387,
    0.39600657983852033,
    0.039221697364798386,
    0.06770951329431842,
    0.20085812309716736,
    0.2125511196745131,
    0.13311686986981272,
    0.04785736732936748,
    -0.0064031041188582745,
    -0.028852846507890915,
    0.005217225054492237
  ],
  "S_y_at_k": [
    0.44649066435075546,
    0.391471940481672,
    0.07642697300713962,
    0.07099269727590041,
    0.20414097973384773,
    0.2056006073448622,
    0.1512792284503699,
    0.026267215063741776,
    0.008267918535821862,
    0.012804535734448473,
    -0.01470052230588381
  ],
  "S_T_x_at_k": [
    0.5442617221013233,
    0.6386093595374583,
    0.9263421425245787,
    0.9083041724616006,
    0.7940116136738116,
    0.8108134967047347,
    0.8751501710790147,
    0.9800427669883855,
    0.9606144514722573,
    0.9714710831959347,
    1.0379020499523748
  ],
  "S_T_y_at_k": [
    0.5551827638547315,
    0.6234149557476112,
    0.9369156646996558,
    0.9398393938626595,
    0.7986381856765746,
    0.8067122522773024,
    0.8529393620065182,
    0.96351831456526,
    0.9959852416073341,
    1.0034939886202496,
    1.0073677493405453
  ],
  "S_xy_at_k": [
    0.09989464509245524,
    0.246386975593676,
    0.8878270064635546,
    0.8497222172022062,
    0.6059496813431954,
    0.5581701943662569,
    0.7092842610750549,
    0.9173235307020364,
    1.013395429372429,
    1.0256136319871472,
    0.9957372883251383
  ]
}