{
  "checkpoint": "/Users/anna/Desktop/research/thesis/code/checkpoints/lc_pinn_helmholtz_2d_seed0_film_lbfgs_w64.pt",
  "tag": "mc_highn200_seed0",
  "N": 200000,
  "seed": 42,
  "var_Y": 0.052046403309227524,
  "f0": 0.04550528586808592,
  "S_first": {
    "x": 0.03672820338155824,
    "y": 0.04316094631202295,
    "k": 0.07632139141357747
  },
  "S_total": {
    "x": 0.818255656225841,
    "y": 0.8202585152929242,
    "k": 0.6417284665900186
  },
  "S_pair": {
    "x,y": 0.27771852748465703,
    "x,k": 0.0746634073839088,
    "y,k": 0.06631585799175956
  },
  "S_triplet": 0.4250916660325159
}