{
  "k_values": [
    1.0,
    1.9,
    2.8,
    3.7,
    4.6,
    5.5,
    6.4,
    7.3,
    8.2,
    9.1,
    10.0
  ],
  "var_Y_at_k": [
    0.05329916159686262,
    0.021001011143780498,
    0.012800429175056265,
    0.029764273491235168,
    0.05651183463300474,
    0.06286191285766408,
    0.060446176367978395,
    0.05859829939210883,
    0.06472162557632188,
    0.06319786994470995,
    0.06192339589638593
  ],
  "S_x_at_k": [
    0.44058737740721665,
    0.3951239660444001,
    0.039379888347965415,
    0.06789157397485358,
    0.20049122630980964,
    0.21237484492350128,
    0.13424090759034352,
    0.049391880441429455,
    -0.005843653748994866,
    -0.02889211307902511,
    0.005298129342607704
  ],
  "S_y_at_k": [
    0.44740921904761444,
    0.3909791962095965,
    0.07697785721523226,
    0.06929347009125003,
    0.2056087491094676,
    0.20662084051039503,
    0.15112786295293876,
    0.026530526953203376,
    0.008545565830510433,
    0.012698881201403932,
    -0.015107406475675147
  ],
  "S_T_x_at_k": [
    0.5429566519520606,
    0.6391819098241085,
    0.9258782427885017,
    0.9099597986598863,
    0.792547218336994,
    0.8097763691937148,
    0.875410068446589,
    0.979721362215255,
    0.9601942928061777,
    0.9713638759197988,
    1.0372927343820089
  ],
  "S_T_y_at_k": [
    0.5643077391706877,
    0.6242614891222529,
    0.9366097063411302,
    0.9395542007355502,
    0.798971654920839,
    0.8068067419840492,
    0.8519166105846762,
    0.9617923786748446,
    0.9952859676278332,
    1.003387828972242,
    1.0072055123559982
  ],
  "S_xy_at_k": [
    0.10800155077742364,
    0.24782609442790993,
    0.8870086084945896,
    0.8513346420084794,
    0.6048637116329734,
    0.5572939527311518,
    0.7083012840602126,
    0.9155670838529844,
    1.0124798696512896,
    1.0258542324629558,
    0.9963236172417582
  ]
}