{
  "checkpoint": "/Users/anna/Desktop/research/thesis/code/checkpoints/lc_pinn_helmholtz_2d_seed1_film_lbfgs_w64.pt",
  "tag": "mc_highn200_seed1",
  "N": 200000,
  "seed": 42,
  "var_Y": 0.05355156033129626,
  "f0": 0.04688348679845803,
  "S_first": {
    "x": 0.035108801865270135,
    "y": 0.04269590906258228,
    "k": 0.0785438734065634
  },
  "S_total": {
    "x": 0.8169445123143744,
    "y": 0.8170735152720775,
    "k": 0.6427879397294141
  },
  "S_pair": {
    "x,y": 0.2786578462940398,
    "x,k": 0.07681030102994481,
    "y,k": 0.06567215826804512
  },
  "S_triplet": 0.4225111100735545
}