{
  "checkpoint": "/Users/anna/Desktop/research/thesis/code/checkpoints/lc_pinn_helmholtz_2d_seed2_film_lbfgs_w64.pt",
  "tag": "mc_sobol_seed2",
  "N": 30000,
  "seed": 42,
  "var_Y": 0.05233247659642451,
  "f0": 0.045943816112230224,
  "S_first": {
    "x": 0.04437530294228965,
    "y": 0.03939748677865358,
    "k": 0.07619864530904082
  },
  "S_total": {
    "x": 0.8258815130645665,
    "y": 0.81851647849696,
    "k": 0.6428357858370264
  },
  "S_pair": {
    "x,y": 0.2581848235322586,
    "x,k": 0.0633705537594624,
    "y,k": 0.07746692780460455
  },
  "S_triplet": 0.44100625987369035
}