{
  "k_values": [
    1.0,
    1.45,
    1.9,
    2.35,
    2.8,
    3.25,
    3.7,
    4.15,
    4.6,
    5.05,
    5.5,
    5.95,
    6.4,
    6.8500000000000005,
    7.3,
    7.75,
    8.2,
    8.65,
    9.1,
    9.55,
    10.0
  ],
  "var_Y_at_k": [
    0.05294036004822441,
    0.03414900623679269,
    0.021594178157342925,
    0.014686478611942739,
    0.012747577980315205,
    0.017606696668439264,
    0.029562414130908033,
    0.043925297908252794,
    0.05574594094384943,
    0.06254906901318355,
    0.06348603571890424,
    0.061944028234684645,
    0.0602435207343585,
    0.05990745531642675,
    0.06092733186669563,
    0.061309167900077885,
    0.06278000936344752,
    0.06295929284557643,
    0.062259414722766325,
    0.06171574482446373,
    0.06218561493506579
  ],
  "S_x_at_k": [
    0.43249488978224443,
    0.4206536444697548,
    0.3854030894947583,
    0.26037099341528697,
    0.07009944226854782,
    0.00202303580273364,
    0.0780807636605345,
    0.14757846152657034,
    0.19212053214632674,
    0.220781703992776,
    0.207199177949672,
    0.1774223243352553,
    0.15600942956650135,
    0.08299382330403299,
    0.04660512333817902,
    0.012170622825665637,
    0.0022200052337971107,
    0.004316761232408307,
    -0.004327865185267143,
    -0.0012935285601695184,
    0.002696481042773672
  ],
  "S_y_at_k": [
    0.44752158915476087,
    0.4203751949800565,
    0.3922972164578326,
    0.2761481993240682,
    0.06905884130478755,
    -0.0032267415727820956,
    0.0833387758058829,
    0.15851691390247621,
    0.20339270871499143,
    0.2150960162306318,
    0.19936041553840908,
    0.1729966437769478,
    0.12959034516130422,
    0.10338501014714421,
    0.05009888729337335,
    0.02489311119545726,
    0.0024422584018607414,
    0.0032304372618262665,
    -0.012398368080304523,
    -0.009645028752445299,
    -0.0013973655308571703
  ],
  "S_T_x_at_k": [
    0.5593408138972729,
    0.5771503832031445,
    0.6101813386504616,
    0.7241754573562255,
    0.9288661112025233,
    0.9987052220926977,
    0.925466691214869,
    0.8437414472706353,
    0.7997936558876546,
    0.7861731786477413,
    0.7829368450176787,
    0.8126619111917742,
    0.8702942486453834,
    0.8985343572145148,
    0.9467487943442094,
    0.9733079428552525,
    0.985782489767521,
    1.001293884295024,
    1.006348254059826,
    1.0187139894405661,
    1.0156548679435227
  ],
  "S_T_y_at_k": [
    0.558152137442542,
    0.5716234955636716,
    0.6196292424522147,
    0.733593629501341,
    0.9294258032334263,
    0.9988738618100651,
    0.9185129444844788,
    0.8499978638724748,
    0.8154942307699579,
    0.773426604984492,
    0.7914859520730247,
    0.8215207534578448,
    0.8437055168401035,
    0.9164399139132994,
    0.9414733091862394,
    0.9775565861446496,
    0.9922038477118258,
    1.009292378176049,
    0.991830788550734,
    1.0115324571549968,
    1.002848602833605
  ],
  "S_xy_at_k": [
    0.11853514921510969,
    0.1563863897143495,
    0.24407125610510352,
    0.47256997552669644,
    0.8699177567647453,
    1.0008137360235985,
    0.8271158749401826,
    0.6913800775715293,
    0.5949161302389977,
    0.5671804602600147,
    0.5926439521560586,
    0.6355892676364502,
    0.7191082899303661,
    0.8079086735912326,
    0.9060185335298646,
    0.9681890628963374,
    1.0048852198998797,
    0.9936260352135116,
    1.0195859445366355,
    1.00089373034573,
    0.9928349159655785
  ]
}