{
  "checkpoint": "/Users/anna/Desktop/research/thesis/code/checkpoints/lc_pinn_helmholtz_2d_seed2_film_lbfgs_w64.pt",
  "tag": "mc_highn200_seed2",
  "N": 200000,
  "seed": 42,
  "var_Y": 0.0521313133717311,
  "f0": 0.04593989520040341,
  "S_first": {
    "x": 0.03704447371814676,
    "y": 0.043785289734752646,
    "k": 0.07667618187205912
  },
  "S_total": {
    "x": 0.8174499627108647,
    "y": 0.820210127281237,
    "k": 0.6409893905801775
  },
  "S_pair": {
    "x,y": 0.2775320667934633,
    "x,k": 0.07402086375547044,
    "y,k": 0.06613678372699473
  },
  "S_triplet": 0.424804340399113
}