{
  "checkpoint": "/Users/anna/Desktop/research/thesis/code/checkpoints/lc_pinn_helmholtz_2d_seed1_film_lbfgs_w64.pt",
  "tag": "mc_sobol_seed1",
  "N": 30000,
  "seed": 42,
  "var_Y": 0.053801353266160354,
  "f0": 0.046848829896934334,
  "S_first": {
    "x": 0.04253819823652197,
    "y": 0.03883751518636902,
    "k": 0.07741206660554152
  },
  "S_total": {
    "x": 0.8262556954552758,
    "y": 0.8160846923285588,
    "k": 0.6435769981792462
  },
  "S_pair": {
    "x,y": 0.25892825329250174,
    "x,k": 0.06616153919837824,
    "y,k": 0.07725701200626608
  },
  "S_triplet": 0.4388654154744214
}