{
  "k_values": [
    1.0,
    1.45,
    1.9,
    2.35,
    2.8,
    3.25,
    3.7,
    4.15,
    4.6,
    5.05,
    5.5,
    5.95,
    6.4,
    6.8500000000000005,
    7.3,
    7.75,
    8.2,
    8.65,
    9.1,
    9.55,
    10.0
  ],
  "var_Y_at_k": [
    0.053045304611421686,
    0.03470360200741993,
    0.022626386328941307,
    0.01592147845649759,
    0.013986890698821208,
    0.018781717982546627,
    0.030730111588438604,
    0.045764470030178965,
    0.058343855961497146,
    0.06512603303232549,
    0.0656241388796072,
    0.06383672767478203,
    0.0618907239379012,
    0.06104576548360368,
    0.06134855734107036,
    0.06124389682455513,
    0.06285451087324802,
    0.06371309088636704,
    0.06380169883503828,
    0.06345234008220066,
    0.06383351163736008
  ],
  "S_x_at_k": [
    0.4174252126909141,
    0.43159671092887225,
    0.3797311110166739,
    0.2380869543877815,
    0.0628015408505408,
    0.002344906392655544,
    0.07917653142113637,
    0.15005813172070342,
    0.19439009826884263,
    0.2208977709669581,
    0.20655906239714306,
    0.17860267945873048,
    0.16064500200237447,
    0.08689092194871832,
    0.046916670766353086,
    0.010533949652547513,
    8.279610882246258e-05,
    0.0034756065486227085,
    -0.0033202421384912768,
    0.0009523657751831211,
    0.007915133064520906
  ],
  "S_y_at_k": [
    0.48297224214393025,
    0.41922207727929667,
    0.3847990251610276,
    0.27039957448984625,
    0.06196183169339931,
    -0.00197693759894787,
    0.08421216188670794,
    0.1591354978718243,
    0.20205712017687263,
    0.2094930351012291,
    0.18802545137555615,
    0.16228055830732058,
    0.1233533996276033,
    0.1037114561755649,
    0.05465205468274582,
    0.029211642466057022,
    0.004424618423702883,
    0.003215551563118784,
    -0.011918938205213885,
    -0.008740851020092104,
    0.0021198059077274303
  ],
  "S_T_x_at_k": [
    0.5241923052870371,
    0.5784703772639849,
    0.6176117141541629,
    0.7308007746670777,
    0.9356428908468486,
    0.9974460421119183,
    0.9246797039184904,
    0.8433546085482994,
    0.8012574683896332,
    0.7922152607817439,
    0.793643392689009,
    0.8239881226770542,
    0.8769083449398544,
    0.8982845852846911,
    0.94236888796345,
    0.9687198114722537,
    0.9843648707442743,
    1.0013289877239109,
    1.0055019157320846,
    1.0170809882035874,
    1.0123837135731186
  ],
  "S_T_y_at_k": [
    0.5736621244580951,
    0.5607989980871886,
    0.6250055296650365,
    0.7562944959664744,
    0.9366100238949981,
    0.9986330585634634,
    0.9174567542006065,
    0.8472880897591156,
    0.8131851811871825,
    0.7737220616165289,
    0.7926869074027488,
    0.8199928881111833,
    0.8394828740485224,
    0.9123820167271629,
    0.9401361364943167,
    0.9791600180640656,
    0.9937456803176974,
    1.009455323276997,
    0.9904654019615173,
    1.0086069411229548,
    0.9960438592701369
  ],
  "S_xy_at_k": [
    0.09835821249361562,
    0.14659733087111135,
    0.25679837307930486,
    0.5000855471201671,
    0.8835189663653928,
    0.9993580839401739,
    0.8256537597925101,
    0.6882640611084154,
    0.5938891918568348,
    0.5728030416637694,
    0.604491122069243,
    0.645016676061705,
    0.7205862905482633,
    0.8032662723545823,
    0.9015450259009351,
    0.9652489476820083,
    1.004874187024852,
    0.9936706175512707,
    1.0182164221486323,
    0.9971743440191101,
    0.9832170923004719
  ]
}