{
  "checkpoint": "/Users/anna/Desktop/research/thesis/code/checkpoints/lc_pinn_helmholtz_2d_seed0_film_lbfgs_w64.pt",
  "tag": "mc_sobol_highn_seed0",
  "N": 100000,
  "seed": 42,
  "var_Y": 0.05217804023283592,
  "f0": 0.04576774940133095,
  "S_first": {
    "x": 0.038657976473895794,
    "y": 0.031895997970284584,
    "k": 0.0743219463867447
  },
  "S_total": {
    "x": 0.81734947601581,
    "y": 0.8095091674935294,
    "k": 0.6408978122989026
  },
  "S_pair": {
    "x,y": 0.2869428674585196,
    "x,k": 0.0663515205063867,
    "y,k": 0.07531621925338677
  },
  "S_triplet": 0.4265134719507819
}