{
  "n_params": 350611,
  "final_rel_rmse": 0.0460066981613636,
  "predicted_main": [
    0.7086852192878723,
    0.1782224029302597,
    0.02360047772526741,
    0.007083762902766466,
    8.138930570567027e-05,
    8.072095806710422e-05,
    7.239032856887206e-05,
    7.175407517934218e-05,
    8.551230712328106e-05,
    8.545086166122928e-05,
    7.26181679056026e-05,
    7.031075074337423e-05,
    6.774683424737304e-05,
    8.620330481790006e-05,
    7.663669384783134e-05,
    8.584061288274825e-05,
    9.330983448307961e-05,
    4.707788320956752e-05,
    5.293638969305903e-05,
    9.787090675672516e-05
  ],
  "predicted_pair": {
    "(0, 1)": 0.0606391467154026,
    "(0, 2)": 0.008068724535405636,
    "(0, 3)": 0.0024994879495352507,
    "(0, 4)": 5.26619260199368e-05,
    "(0, 5)": 6.3473911723122e-05,
    "(0, 6)": 8.235532732214779e-05,
    "(0, 7)": 5.2539133321261033e-05,
    "(0, 8)": 4.654336589737795e-05,
    "(0, 9)": 4.7933237510733306e-05,
    "(0, 10)": 8.88867725734599e-05,
    "(0, 11)": 7.922950317151845e-05,
    "(0, 12)": 4.653299765777774e-05,
    "(0, 13)": 5.033347406424582e-05,
    "(0, 14)": 4.1938095819205046e-05,
    "(0, 15)": 4.4373289711074904e-05,
    "(0, 16)": 0.00011994293890893459,
    "(0, 17)": 0.00010496257164049894,
    "(0, 18)": 5.540850179386325e-05,
    "(0, 19)": 4.9699810915626585e-05,
    "(1, 2)": 0.002036384306848049,
    "(1, 3)": 0.0006408531917259097,
    "(1, 4)": 4.759277362609282e-05,
    "(1, 5)": 5.7955432566814125e-05,
    "(1, 6)": 0.00011298008030280471,
    "(1, 7)": 7.081929652485996e-05,
    "(1, 8)": 6.229989230632782e-05,
    "(1, 9)": 7.622037082910538e-05,
    "(1, 10)": 0.00010965748515445739,
    "(1, 11)": 3.482812098809518e-05,
    "(1, 12)": 4.9542126362212e-05,
    "(1, 13)": 4.176608854322694e-05,
    "(1, 14)": 6.330892938422039e-05,
    "(1, 15)": 5.723474532715045e-05,
    "(1, 16)": 5.0205901061417535e-05,
    "(1, 17)": 2.6878115022554994e-05,
    "(1, 18)": 6.302713882178068e-05,
    "(1, 19)": 4.768721919390373e-05,
    "(2, 3)": 0.00010468564869370311,
    "(2, 4)": 3.073283369303681e-05,
    "(2, 5)": 1.4860755982226692e-05,
    "(2, 6)": 1.95964803424431e-05,
    "(2, 7)": 2.2614509362028912e-05,
    "(2, 8)": 2.9021915906923823e-05,
    "(2, 9)": 1.3001756087760441e-05,
    "(2, 10)": 4.021911081508733e-05,
    "(2, 11)": 2.7645573936752044e-05,
    "(2, 12)": 2.0406128896865994e-05,
    "(2, 13)": 1.9676373995025642e-05,
    "(2, 14)": 3.5198292607674375e-05,
    "(2, 15)": 3.192001167917624e-05,
    "(2, 16)": 3.8455676985904574e-05,
    "(2, 17)": 3.096476575592533e-05,
    "(2, 18)": 1.5541245375061408e-05,
    "(2, 19)": 7.508503767894581e-05,
    "(3, 4)": 3.7267171137500554e-05,
    "(3, 5)": 2.355765172978863e-05,
    "(3, 6)": 4.126915882807225e-05,
    "(3, 7)": 3.9229784306371585e-05,
    "(3, 8)": 2.2476757294498384e-05,
    "(3, 9)": 2.8298001780058257e-05,
    "(3, 10)": 1.858772520790808e-05,
    "(3, 11)": 1.4301632290880661e-05,
    "(3, 12)": 1.772023824742064e-05,
    "(3, 13)": 5.563642116612755e-05,
    "(3, 14)": 5.008474909118377e-05,
    "(3, 15)": 2.7614614737103693e-05,
    "(3, 16)": 2.035251418419648e-05,
    "(3, 17)": 6.681905506411567e-05,
    "(3, 18)": 1.8217318938695826e-05,
    "(3, 19)": 3.820997153525241e-05,
    "(4, 5)": 2.6324451027903706e-05,
    "(4, 6)": 1.0186531653744169e-05,
    "(4, 7)": 2.10641956073232e-05,
    "(4, 8)": 1.4546072634402663e-05,
    "(4, 9)": 2.033382588706445e-05,
    "(4, 10)": 5.4805899708298966e-05,
    "(4, 11)": 4.7252760850824416e-05,
    "(4, 12)": 3.522609767969698e-05,
    "(4, 13)": 1.802561200747732e-05,
    "(4, 14)": 3.568192187231034e-05,
    "(4, 15)": 2.547951226006262e-05,
    "(4, 16)": 7.70909755374305e-05,
    "(4, 17)": 3.512684997986071e-05,
    "(4, 18)": 4.251225618645549e-05,
    "(4, 19)": 1.7111235138145275e-05,
    "(5, 6)": 3.695320992846973e-05,
    "(5, 7)": 4.094878022442572e-05,
    "(5, 8)": 1.4656064195150975e-05,
    "(5, 9)": 4.17233859479893e-05,
    "(5, 10)": 3.170560739818029e-05,
    "(5, 11)": 2.7929945645155385e-05,
    "(5, 12)": 9.28743520489661e-06,
    "(5, 13)": 4.403549246490002e-05,
    "(5, 14)": 1.7751179257174954e-05,
    "(5, 15)": 3.0778108339291066e-05,
    "(5, 16)": 5.125076131662354e-05,
    "(5, 17)": 2.558360392868053e-05,
    "(5, 18)": 1.1377196642570198e-05,
    "(5, 19)": 1.7655995179666206e-05,
    "(6, 7)": 3.332111009513028e-05,
    "(6, 8)": 2.9860029826522805e-05,
    "(6, 9)": 2.195512206526473e-05,
    "(6, 10)": 2.291262171638664e-05,
    "(6, 11)": 1.0488927728147246e-05,
    "(6, 12)": 2.9407276088022627e-05,
    "(6, 13)": 2.038327329501044e-05,
    "(6, 14)": 9.716762178868521e-06,
    "(6, 15)": 3.0401419280678965e-05,
    "(6, 16)": 0.00013257328828331083,
    "(6, 17)": 3.307327278889716e-05,
    "(6, 18)": 1.5400588381453417e-05,
    "(6, 19)": 1.751861782395281e-05,
    "(7, 8)": 3.7873171095270663e-05,
    "(7, 9)": 3.172186916344799e-05,
    "(7, 10)": 4.479396375245415e-05,
    "(7, 11)": 1.383022481604712e-05,
    "(7, 12)": 5.0186263251816854e-05,
    "(7, 13)": 2.4113169274642132e-05,
    "(7, 14)": 2.330963616259396e-05,
    "(7, 15)": 3.0161663744365796e-05,
    "(7, 16)": 5.635362322209403e-05,
    "(7, 17)": 1.9009570678463206e-05,
    "(7, 18)": 4.128932050662115e-05,
    "(7, 19)": 3.139031832688488e-05,
    "(8, 9)": 8.746963430894539e-06,
    "(8, 10)": 7.463915244443342e-05,
    "(8, 11)": 2.3027569113764912e-05,
    "(8, 12)": 1.90191094588954e-05,
    "(8, 13)": 1.8003524019150063e-05,
    "(8, 14)": 5.30016295670066e-05,
    "(8, 15)": 3.690435187309049e-05,
    "(8, 16)": 6.295921048149467e-05,
    "(8, 17)": 3.217983612557873e-05,
    "(8, 18)": 1.4801553334109485e-05,
    "(8, 19)": 2.5898147214320488e-05,
    "(9, 10)": 5.836785931023769e-05,
    "(9, 11)": 1.9464645447442308e-05,
    "(9, 12)": 1.46317615872249e-05,
    "(9, 13)": 1.472795156587381e-05,
    "(9, 14)": 1.569424057379365e-05,
    "(9, 15)": 0.0001434630830772221,
    "(9, 16)": 1.4717048543388955e-05,
    "(9, 17)": 5.33725215063896e-05,
    "(9, 18)": 2.7496706024976447e-05,
    "(9, 19)": 3.832603033515625e-05,
    "(10, 11)": 3.784078580792993e-05,
    "(10, 12)": 2.7659529223456047e-05,
    "(10, 13)": 4.760062074637972e-05,
    "(10, 14)": 3.2280568120768294e-05,
    "(10, 15)": 9.610537381377071e-05,
    "(10, 16)": 4.145692946622148e-05,
    "(10, 17)": 2.3909904484753497e-05,
    "(10, 18)": 2.0359575501061045e-05,
    "(10, 19)": 3.502143226796761e-05,
    "(11, 12)": 2.2075209926697426e-05,
    "(11, 13)": 1.1478952728793956e-05,
    "(11, 14)": 6.068702714401297e-05,
    "(11, 15)": 6.352324271574616e-05,
    "(11, 16)": 4.54196342616342e-05,
    "(11, 17)": 1.332936608378077e-05,
    "(11, 18)": 5.067833262728527e-05,
    "(11, 19)": 5.28627606399823e-05,
    "(12, 13)": 2.2910116967977956e-05,
    "(12, 14)": 2.4483753804815933e-05,
    "(12, 15)": 2.5869809178402647e-05,
    "(12, 16)": 1.4568960068572778e-05,
    "(12, 17)": 4.334651748649776e-05,
    "(12, 18)": 2.6925521524390206e-05,
    "(12, 19)": 2.1789257516502403e-05,
    "(13, 14)": 2.352981573494617e-05,
    "(13, 15)": 2.3428534404956736e-05,
    "(13, 16)": 3.891488449880853e-05,
    "(13, 17)": 1.2988813978154212e-05,
    "(13, 18)": 9.856609540292993e-05,
    "(13, 19)": 3.308632949483581e-05,
    "(14, 15)": 2.8464464776334353e-05,
    "(14, 16)": 6.021248555043712e-05,
    "(14, 17)": 5.740195047110319e-05,
    "(14, 18)": 2.1485726392711513e-05,
    "(14, 19)": 3.0343355319928378e-05,
    "(15, 16)": 2.623725049488712e-05,
    "(15, 17)": 1.8985721908393316e-05,
    "(15, 18)": 0.0001333207037532702,
    "(15, 19)": 1.2704089385806583e-05,
    "(16, 17)": 4.261188951204531e-05,
    "(16, 18)": 0.00011458712833700702,
    "(16, 19)": 2.7169986424269155e-05,
    "(17, 18)": 3.0743798561161384e-05,
    "(17, 19)": 2.310166928509716e-05,
    "(18, 19)": 2.467659032845404e-05
  },
  "history": [
    {
      "phase": 1,
      "ep": 10,