{
  "d": 4,
  "val_rel_rmse": 0.017657088115811348,
  "sobol": {
    "(0,)": 0.2574754379227693,
    "(1,)": 0.14953780289225424,
    "(2,)": 0.2558722275181729,
    "(3,)": 0.25345356939992286,
    "(0, 1)": 7.224805206924159e-06,
    "(0, 2)": 0.08363389893483548,
    "(0, 3)": 8.826260525449343e-06,
    "(1, 2)": 8.201355796084382e-06,
    "(1, 3)": 8.945552579364908e-07,
    "(2, 3)": 1.916355258900554e-06
  }
}