{
  "n_train": 300000,
  "n_val": 50000,
  "analytic": {
    "S_x": 0.3,
    "S_y": 0.3,
    "S_z": 0.0,
    "S_xy": 0.1,
    "S_xz": 0.0,
    "S_yz": 0.0,
    "S_xyz": 0.3
  },
  "measured": {
    "S_x": 0.08810846656630154,
    "S_y": 0.08977519661409988,
    "S_z": 0.011278098272009629,
    "S_xy": 0.03197488840341419,
    "S_xz": 0.02060711042595496,
    "S_yz": 0.21934477852557413,
    "S_xyz": 0.5389114611926457
  },
  "diffs": {
    "S_x": -0.21189153343369843,
    "S_xy": -0.06802511159658581,
    "S_xyz": 0.23891146119264567,
    "S_xz": 0.02060711042595496,
    "S_y": -0.2102248033859001,
    "S_yz": 0.21934477852557413,
    "S_z": 0.011278098272009629
  },
  "max_abs_diff": 0.23891146119264567,
  "val_rel_rmse": 0.5795910954475403,
  "pass_within_0p05": false
}